split seed,p,selection,labels
0,"(0.5, 144)","[[16, 11, 9, 8, 7, 5, 4, 1, 0], [37, 36, 34, 33, 31, 29, 20, 19, 17, 16, 14, 11, 9, 8, 6, 5, 4, 3, 2], [40, 36, 35, 34, 33, 32, 29, 26, 24, 23, 21, 19, 18, 14, 9, 8, 7, 6, 4, 3, 1], [45, 42, 41, 40, 38, 37, 34, 32, 31, 22, 20, 18, 17, 16, 13, 12, 11, 6, 5, 4, 3, 1, 0], [49, 48, 44, 41, 37, 36, 34, 33, 29, 27, 25, 24, 23, 20, 19, 12, 11, 9, 8, 7, 5, 4, 3, 2, 1], [90, 89, 88, 82, 81, 75, 74, 72, 71, 70, 64, 57, 56, 55, 53, 49, 48, 44, 43, 41, 40, 38, 37, 34, 33, 32, 31, 30, 29, 28, 27, 26, 25, 23, 22, 21, 20, 19, 17, 16, 15, 13, 8, 7, 5, 4, 0]]","[6, 4, 5, 2, 3, 1]"
0,"(0.25, 72)","[[9, 8, 1, 0], [37, 36, 33, 31, 17, 16, 14, 6, 5, 4], [36, 35, 34, 33, 26, 24, 18, 7, 4, 3, 1], [40, 38, 37, 32, 20, 18, 17, 16, 6, 5, 1, 0], [48, 34, 33, 27, 25, 23, 12, 9, 7, 5, 4, 3, 1], [90, 64, 57, 56, 53, 49, 44, 43, 37, 32, 31, 29, 27, 26, 25, 23, 21, 19, 17, 16, 13, 7]]","[6, 4, 5, 2, 3, 1]"
0,"(0.125, 36)","[[9, 8], [36, 33, 31, 17, 4], [36, 33, 24, 7, 1], [40, 32, 17, 16, 6, 5], [34, 12, 7, 5, 3, 1], [90, 53, 44, 43, 31, 29, 25, 23, 21, 17, 16, 13]]","[6, 4, 5, 2, 3, 1]"
1,"(0.5, 144)","[[14, 13, 12, 9, 7, 6, 5, 4, 2], [32, 31, 30, 28, 27, 26, 25, 22, 18, 17, 10, 9, 8, 6, 4, 3, 2], [31, 30, 29, 23, 21, 21, 20, 18, 17, 17, 16, 14, 11, 6, 5, 4, 3, 2, 1], [47, 44, 43, 41, 38, 37, 24, 23, 21, 20, 19, 17, 16, 16, 14, 10, 7, 6, 5, 5, 4, 2, 1, 0], [54, 53, 48, 45, 44, 43, 40, 35, 33, 32, 31, 26, 25, 22, 21, 20, 18, 13, 12, 11, 10, 9, 8, 7, 6, 5, 4, 3, 2, 1], [88, 87, 86, 81, 79, 73, 71, 64, 58, 57, 56, 55, 53, 48, 47, 43, 42, 41, 40, 38, 35, 34, 33, 32, 31, 29, 27, 26, 25, 24, 23, 22, 21, 20, 18, 17, 16, 14, 10, 9, 8, 6, 4, 3, 2]]","[6, 4, 5, 2, 3, 1]"
1,"(0.25, 72)","[[14, 13, 9, 4], [30, 26, 25, 18, 17, 6, 3, 2], [21, 21, 20, 17, 17, 14, 6, 2, 1], [43, 41, 37, 19, 16, 16, 7, 5, 5, 4, 1, 0], [45, 44, 43, 22, 20, 18, 12, 10, 8, 7, 6, 5, 4, 3, 2], [88, 87, 81, 58, 56, 55, 53, 48, 43, 42, 38, 34, 32, 31, 29, 27, 26, 25, 24, 22, 20, 17, 16, 9]]","[6, 4, 5, 2, 3, 1]"
1,"(0.125, 36)","[[14, 4], [30, 25, 3, 2], [21, 21, 17, 17, 2], [41, 16, 16, 5, 5, 4], [22, 18, 8, 7, 6, 5, 4], [88, 87, 55, 53, 43, 42, 32, 31, 27, 24, 22, 17]]","[6, 4, 5, 2, 3, 1]"
2,"(0.5, 144)","[[15, 13, 11, 10, 7, 5, 2, 0], [31, 30, 29, 28, 27, 26, 24, 21, 20, 15, 11, 9, 8, 5, 4, 2, 0], [39, 38, 37, 36, 35, 34, 31, 30, 25, 22, 20, 19, 17, 10, 8, 7, 5, 4, 3, 1], [46, 44, 43, 42, 40, 39, 35, 33, 32, 26, 25, 24, 22, 20, 18, 10, 9, 8, 7, 6, 5, 4, 3, 1], [57, 56, 53, 52, 48, 44, 42, 41, 40, 38, 36, 32, 29, 28, 27, 26, 21, 15, 14, 13, 11, 8, 7, 6, 5, 3, 2, 1, 0], [87, 86, 84, 80, 78, 77, 76, 71, 70, 69, 65, 63, 57, 56, 55, 54, 52, 48, 47, 46, 43, 40, 38, 37, 33, 32, 31, 30, 28, 27, 26, 25, 23, 22, 21, 19, 18, 16, 12, 11, 9, 8, 7, 5, 4, 3]]","[6, 5, 4, 2, 3, 1]"
2,"(0.25, 72)","[[15, 13, 11, 0], [30, 20, 15, 11, 9, 8, 4, 2, 0], [39, 38, 34, 30, 22, 20, 19, 10, 8, 4], [42, 33, 25, 24, 20, 18, 9, 7, 6, 4, 3, 1], [56, 52, 42, 41, 28, 21, 15, 13, 11, 8, 5, 3, 2, 1, 0], [87, 86, 80, 77, 70, 57, 55, 54, 52, 43, 37, 32, 30, 28, 26, 25, 23, 22, 19, 18, 16, 11]]","[6, 5, 4, 2, 3, 1]"
2,"(0.125, 36)","[[11, 0], [30, 20, 15, 0], [38, 34, 19, 10, 4], [42, 25, 9, 7, 4, 3], [56, 15, 11, 5, 3, 2, 1], [87, 86, 54, 52, 43, 30, 26, 25, 23, 22, 18, 16]]","[6, 5, 4, 2, 3, 1]"
3,"(0.5, 144)","[[16, 13, 11, 9, 8, 7, 3, 2, 1], [37, 32, 31, 31, 30, 29, 28, 25, 22, 20, 18, 17, 15, 14, 7, 6, 5, 4, 2, 1], [39, 38, 37, 36, 35, 33, 30, 26, 24, 23, 22, 20, 17, 13, 10, 9, 7, 5, 4, 3], [49, 47, 46, 45, 44, 42, 39, 28, 27, 25, 24, 23, 20, 16, 12, 10, 9, 8, 7, 6, 5, 4, 2, 1, 0], [60, 59, 56, 48, 47, 44, 44, 43, 41, 38, 37, 36, 35, 33, 32, 27, 22, 20, 19, 13, 12, 11, 10, 9, 7, 6, 5, 4, 3, 2, 1], [77, 76, 72, 71, 70, 67, 66, 64, 49, 48, 47, 46, 45, 44, 39, 38, 37, 36, 34, 31, 30, 27, 26, 25, 23, 22, 21, 19, 18, 17, 16, 14, 13, 11, 10, 7, 4, 3, 2]]","[6, 5, 4, 2, 3, 1]"
3,"(0.25, 72)","[[13, 9, 7, 2], [31, 31, 29, 28, 22, 20, 15, 4, 2, 1], [38, 37, 35, 33, 24, 23, 13, 7, 4, 3], [49, 46, 45, 39, 28, 20, 10, 9, 8, 7, 5, 4, 0], [59, 44, 44, 43, 33, 22, 20, 19, 13, 12, 9, 7, 6, 5, 4], [77, 76, 72, 64, 45, 44, 34, 27, 26, 25, 23, 22, 21, 19, 17, 16, 14, 11, 10, 7]]","[6, 5, 4, 2, 3, 1]"
3,"(0.125, 36)","[[13, 2], [31, 31, 29, 4, 2], [37, 35, 23, 4, 3], [45, 28, 10, 8, 5, 4], [59, 22, 19, 9, 7, 6, 5, 4], [77, 76, 34, 26, 25, 23, 21, 19, 17, 14]]","[6, 5, 4, 2, 3, 1]"
4,"(0.5, 144)","[[10, 8, 7, 6, 5, 4, 2], [39, 35, 34, 33, 32, 31, 30, 27, 23, 22, 19, 16, 15, 13, 8, 7, 6, 4, 2, 1], [40, 39, 37, 36, 34, 31, 27, 23, 22, 20, 19, 16, 12, 10, 9, 8, 6, 5, 4, 3, 1], [47, 46, 45, 43, 42, 38, 37, 35, 24, 23, 20, 19, 18, 16, 15, 12, 10, 9, 8, 7, 6, 5, 4, 1, 0], [55, 51, 46, 45, 44, 42, 39, 37, 35, 34, 33, 32, 27, 23, 20, 18, 16, 13, 12, 9, 8, 7, 5, 5, 4, 3, 2, 1], [85, 83, 79, 77, 76, 75, 69, 66, 63, 61, 54, 53, 52, 51, 44, 43, 41, 39, 38, 36, 35, 34, 32, 30, 29, 28, 27, 26, 25, 24, 23, 22, 21, 19, 18, 17, 16, 15, 14, 13, 7, 5, 4]]","[6, 5, 4, 2, 3, 1]"
4,"(0.25, 72)","[[10, 7, 4], [35, 34, 31, 30, 23, 22, 16, 7, 2, 1], [36, 34, 22, 20, 19, 12, 9, 6, 4, 3], [45, 42, 35, 24, 19, 15, 10, 8, 7, 6, 5, 4], [55, 51, 45, 44, 34, 33, 18, 12, 9, 7, 5, 5, 4, 2], [85, 79, 76, 69, 54, 53, 51, 39, 38, 36, 34, 28, 27, 24, 23, 22, 21, 19, 17, 16, 14, 13, 4]]","[6, 5, 4, 2, 3, 1]"
4,"(0.125, 36)","[[10, 7], [31, 30, 22, 7, 2], [34, 20, 19, 4, 3], [24, 10, 8, 7, 5, 4], [45, 18, 9, 7, 5, 5, 4], [85, 79, 34, 28, 27, 24, 23, 21, 19, 14, 13]]","[6, 5, 4, 2, 3, 1]"
5,"(0.5, 144)","[[14, 13, 12, 11, 10, 9, 7, 3, 0], [33, 32, 32, 31, 30, 29, 27, 23, 22, 17, 14, 13, 12, 9, 7, 6, 4, 3, 1], [42, 41, 40, 39, 32, 28, 22, 21, 18, 17, 15, 13, 12, 9, 8, 7, 6, 5, 4, 3, 1, 0], [42, 41, 40, 38, 37, 35, 32, 31, 29, 28, 26, 23, 21, 20, 18, 11, 9, 7, 5, 4, 3, 1], [56, 55, 51, 50, 44, 43, 41, 40, 37, 35, 34, 33, 31, 30, 29, 24, 23, 19, 13, 12, 10, 9, 8, 6, 5, 4, 3, 2, 1], [84, 83, 77, 75, 69, 67, 64, 61, 54, 53, 52, 51, 50, 45, 44, 41, 40, 37, 36, 35, 32, 31, 30, 29, 28, 25, 24, 23, 22, 21, 20, 19, 19, 18, 17, 15, 14, 10, 9, 6, 5, 3, 2]]","[6, 5, 2, 4, 3, 1]"
5,"(0.25, 72)","[[13, 12, 9, 7, 3], [32, 32, 23, 22, 14, 6, 4, 3, 1], [39, 22, 21, 17, 15, 8, 6, 5, 4, 3, 0], [42, 40, 37, 35, 23, 21, 20, 11, 7, 5, 4], [55, 41, 40, 31, 13, 12, 10, 8, 6, 5, 4, 3, 2, 1], [84, 77, 54, 52, 51, 50, 41, 40, 35, 31, 29, 28, 24, 23, 22, 21, 19, 19, 18, 17, 15, 9]]","[6, 5, 2, 4, 3, 1]"
5,"(0.125, 36)","[[13, 9], [32, 32, 23, 22, 1], [22, 15, 8, 5, 4], [40, 37, 35, 7, 4], [41, 12, 10, 8, 6, 5, 4], [84, 51, 41, 40, 29, 28, 24, 23, 22, 19, 19, 18]]","[6, 5, 2, 4, 3, 1]"
6,"(0.5, 144)","[[11, 9, 8, 6, 5, 4, 1], [41, 40, 39, 37, 36, 35, 31, 30, 27, 22, 21, 20, 17, 12, 9, 8, 7, 5, 4, 3, 1], [41, 39, 37, 36, 35, 32, 28, 26, 25, 24, 23, 20, 19, 17, 13, 9, 8, 7, 5, 4, 2, 1], [50, 47, 46, 45, 44, 40, 39, 37, 36, 27, 26, 24, 22, 21, 20, 17, 15, 10, 8, 7, 6, 5, 4, 2, 1, 0], [54, 53, 51, 45, 44, 43, 42, 41, 35, 33, 31, 30, 29, 21, 20, 18, 18, 13, 12, 11, 9, 8, 7, 6, 5, 4, 2, 1], [80, 79, 71, 70, 65, 64, 62, 61, 60, 56, 51, 50, 49, 48, 43, 42, 40, 38, 37, 36, 34, 31, 30, 29, 28, 27, 25, 24, 23, 22, 20, 19, 18, 17, 15, 14, 10, 9, 7, 0]]","[6, 4, 5, 2, 3, 1]"
6,"(0.25, 72)","[[9, 8, 5], [40, 39, 35, 22, 21, 20, 12, 7, 5, 4, 3], [37, 36, 28, 26, 20, 17, 8, 5, 4, 2, 1], [50, 47, 46, 44, 37, 21, 20, 17, 8, 7, 6, 5, 4], [54, 43, 42, 41, 31, 29, 18, 18, 9, 7, 6, 5, 4, 2], [80, 79, 51, 50, 49, 37, 36, 34, 30, 29, 28, 25, 24, 23, 22, 20, 18, 15, 14, 9]]","[6, 4, 5, 2, 3, 1]"
6,"(0.125, 36)","[[8, 5], [39, 35, 21, 20, 4], [37, 36, 26, 20, 2], [47, 46, 37, 8, 6, 4], [18, 18, 9, 7, 6, 5, 4], [80, 79, 49, 37, 28, 25, 23, 22, 20, 18, 14]]","[6, 4, 5, 2, 3, 1]"
7,"(0.5, 144)","[[16, 14, 12, 11, 10, 7, 6, 5, 3], [36, 35, 34, 33, 32, 31, 28, 25, 22, 20, 19, 17, 15, 11, 9, 5, 4, 3, 1], [36, 32, 31, 30, 29, 28, 27, 24, 21, 19, 18, 15, 14, 12, 6, 5, 3, 2, 1], [45, 43, 41, 40, 39, 38, 37, 34, 23, 22, 21, 20, 19, 18, 14, 9, 8, 7, 6, 5, 4, 2, 0], [57, 56, 54, 53, 52, 47, 44, 42, 41, 38, 36, 33, 32, 31, 25, 21, 19, 18, 13, 12, 9, 8, 7, 5, 4, 3, 2, 1, 0], [87, 86, 84, 79, 78, 77, 76, 71, 70, 69, 68, 55, 54, 53, 51, 46, 45, 42, 41, 40, 38, 37, 34, 33, 32, 31, 30, 28, 26, 25, 24, 23, 21, 20, 19, 18, 16, 15, 14, 12, 8, 6, 5, 4, 3]]","[6, 4, 5, 2, 3, 1]"
7,"(0.25, 72)","[[16, 14, 6, 3], [36, 35, 34, 33, 32, 31, 20, 4, 3], [32, 31, 28, 27, 19, 5, 3, 2, 1], [40, 37, 34, 23, 22, 20, 9, 8, 7, 6, 4, 2], [56, 42, 41, 32, 21, 19, 18, 12, 9, 7, 5, 4, 3, 1, 0], [87, 86, 79, 77, 68, 55, 54, 53, 51, 46, 45, 37, 31, 30, 26, 25, 24, 23, 21, 18, 16, 15, 12]]","[6, 4, 5, 2, 3, 1]"
7,"(0.125, 36)","[[14, 3], [35, 31, 20, 4, 3], [28, 27, 19, 5, 2], [40, 34, 23, 9, 7, 4], [42, 21, 18, 7, 5, 4, 3], [87, 86, 54, 51, 31, 30, 26, 24, 23, 21, 15]]","[6, 4, 5, 2, 3, 1]"
8,"(0.5, 144)","[[16, 14, 12, 10, 9, 7, 5, 1, 0], [32, 30, 29, 25, 20, 19, 17, 16, 16, 14, 13, 11, 8, 5, 3, 2, 0], [32, 30, 28, 27, 26, 25, 24, 23, 21, 18, 17, 15, 14, 5, 4, 3, 1], [47, 43, 42, 41, 40, 39, 35, 33, 32, 24, 23, 21, 19, 18, 15, 13, 9, 7, 6, 5, 4, 3, 1, 0], [60, 59, 56, 52, 50, 49, 47, 46, 45, 42, 40, 38, 36, 34, 33, 32, 28, 22, 20, 18, 13, 12, 10, 9, 7, 6, 5, 4, 3, 2, 1], [91, 90, 85, 83, 82, 81, 76, 74, 64, 59, 58, 57, 56, 55, 53, 48, 47, 43, 42, 40, 37, 34, 33, 31, 30, 29, 28, 27, 26, 25, 23, 21, 20, 19, 18, 17, 16, 14, 10, 8, 7, 6, 4, 3, 2, 0]]","[6, 4, 5, 2, 3, 1]"
8,"(0.25, 72)","[[9, 5, 1, 0], [29, 19, 17, 16, 16, 5, 3, 2], [32, 27, 25, 24, 21, 14, 5, 3, 1], [42, 39, 33, 24, 18, 15, 7, 6, 5, 4, 3, 0], [59, 47, 46, 45, 28, 22, 20, 18, 13, 9, 7, 6, 5, 4, 1], [91, 90, 85, 82, 59, 55, 53, 43, 42, 37, 31, 30, 28, 27, 26, 25, 23, 21, 20, 17, 14, 10, 7, 3]]","[6, 4, 5, 2, 3, 1]"
8,"(0.125, 36)","[[1, 0], [29, 16, 3, 2], [27, 24, 5, 1], [24, 7, 6, 4, 3, 0], [59, 22, 18, 9, 7, 6, 5, 4], [91, 90, 55, 53, 42, 31, 28, 25, 23, 21, 17, 14]]","[6, 4, 5, 2, 3, 1]"
9,"(0.5, 144)","[[13, 11, 10, 9, 8, 6, 4, 2], [35, 32, 31, 29, 29, 27, 24, 23, 20, 19, 17, 10, 9, 7, 5, 4, 3, 2, 1], [39, 36, 35, 34, 33, 32, 31, 30, 25, 23, 21, 18, 17, 14, 11, 7, 6, 4, 3, 1, 0], [51, 48, 47, 46, 45, 42, 39, 28, 26, 24, 23, 22, 19, 16, 13, 11, 10, 9, 8, 7, 6, 5, 4, 3, 1, 0], [51, 47, 46, 40, 38, 37, 34, 31, 30, 28, 26, 25, 24, 19, 18, 17, 16, 15, 14, 12, 7, 6, 5, 3, 2, 1], [85, 84, 82, 80, 74, 73, 72, 71, 67, 62, 56, 55, 54, 53, 52, 50, 45, 43, 40, 39, 37, 34, 33, 29, 28, 27, 26, 25, 24, 23, 21, 20, 19, 18, 17, 15, 13, 12, 8, 7, 6, 5, 4, 3]]","[6, 4, 5, 2, 3, 1]"
9,"(0.25, 72)","[[13, 10, 9, 4], [29, 29, 17, 9, 7, 5, 4, 3, 1], [36, 31, 25, 23, 21, 18, 7, 3, 1, 0], [47, 45, 39, 28, 23, 22, 19, 11, 9, 8, 6, 5, 0], [51, 38, 37, 25, 24, 15, 14, 12, 7, 5, 3, 2, 1], [85, 82, 71, 56, 54, 52, 50, 40, 39, 29, 28, 27, 25, 24, 23, 21, 19, 18, 17, 15, 13, 8, 4]]","[6, 4, 5, 2, 3, 1]"
9,"(0.125, 36)","[[10, 4], [29, 29, 9, 4, 3], [31, 25, 23, 1, 0], [47, 45, 28, 11, 9, 6, 5], [51, 15, 12, 5, 3, 2, 1], [85, 50, 40, 27, 24, 23, 21, 19, 15, 13]]","[6, 4, 5, 2, 3, 1]"
10,"(0.5, 144)","[[17, 16, 15, 12, 10, 8, 7, 6, 5, 3], [30, 29, 28, 26, 25, 24, 23, 21, 16, 15, 12, 8, 5, 3, 2, 1], [36, 33, 32, 31, 30, 29, 27, 24, 23, 22, 19, 14, 13, 6, 5, 3, 2, 1, 0], [51, 50, 43, 40, 39, 38, 35, 33, 32, 31, 30, 29, 25, 20, 18, 16, 12, 11, 10, 8, 7, 5, 4, 3, 2, 1], [52, 49, 48, 47, 46, 45, 41, 38, 28, 27, 25, 23, 22, 21, 18, 16, 15, 12, 10, 9, 8, 7, 6, 5, 3, 1, 0], [90, 89, 87, 83, 82, 81, 76, 75, 74, 73, 72, 71, 58, 57, 56, 55, 54, 52, 46, 45, 44, 42, 40, 37, 36, 32, 31, 30, 29, 28, 27, 26, 25, 24, 23, 21, 20, 19, 18, 17, 16, 15, 9, 4, 3, 0]]","[6, 4, 5, 3, 2, 1]"
10,"(0.25, 72)","[[16, 15, 6, 5, 3], [28, 25, 23, 16, 15, 8, 5, 2], [32, 31, 29, 24, 22, 5, 2, 1, 0], [50, 40, 30, 25, 20, 18, 16, 11, 8, 7, 5, 4, 3], [48, 45, 28, 22, 21, 18, 10, 9, 8, 7, 6, 5, 0], [90, 89, 83, 81, 58, 56, 54, 52, 42, 36, 32, 30, 29, 27, 26, 25, 24, 23, 21, 19, 16, 15, 9, 3]]","[6, 4, 5, 3, 2, 1]"
10,"(0.125, 36)","[[16, 3], [28, 25, 23, 8], [32, 31, 29, 22, 1], [40, 20, 16, 7, 5, 4, 3], [48, 28, 18, 10, 9, 6, 5], [90, 52, 42, 30, 29, 26, 25, 23, 21, 16, 15]]","[6, 4, 5, 3, 2, 1]"
11,"(0.5, 144)","[[15, 12, 9, 8, 7, 3, 2, 1, 0], [38, 37, 36, 35, 34, 30, 29, 28, 18, 17, 15, 14, 12, 10, 7, 6, 5, 4, 3, 2, 1], [40, 39, 38, 36, 35, 33, 32, 24, 23, 21, 20, 18, 17, 16, 13, 12, 10, 9, 5, 4, 3], [39, 35, 34, 33, 32, 31, 30, 29, 28, 27, 24, 22, 20, 18, 17, 14, 13, 6, 4, 3, 1], [57, 54, 53, 44, 43, 40, 38, 37, 35, 32, 31, 28, 27, 23, 22, 21, 19, 14, 13, 11, 10, 9, 7, 6, 5, 4, 3, 2, 1], [84, 83, 81, 77, 75, 69, 68, 67, 66, 58, 53, 52, 51, 49, 44, 43, 42, 41, 38, 37, 33, 32, 28, 27, 26, 25, 23, 22, 21, 20, 18, 17, 16, 15, 14, 12, 11, 9, 6, 5, 4, 3, 2]]","[6, 2, 4, 5, 3, 1]"
11,"(0.25, 72)","[[15, 2, 1, 0], [37, 35, 28, 18, 15, 6, 4, 3, 2, 1], [40, 38, 35, 24, 23, 21, 20, 12, 4, 3], [35, 33, 31, 30, 24, 22, 18, 14, 3, 1], [44, 43, 32, 23, 21, 19, 13, 10, 7, 6, 5, 4, 3, 2, 1], [84, 83, 77, 53, 52, 51, 49, 38, 37, 33, 28, 26, 25, 23, 22, 21, 20, 18, 16, 14, 12, 9, 3]]","[6, 2, 4, 5, 3, 1]"
11,"(0.125, 36)","[[1, 0], [37, 18, 6, 2, 1], [38, 35, 20, 4, 3], [30, 24, 22, 14, 1], [23, 19, 10, 7, 6, 5, 4], [83, 51, 49, 37, 26, 25, 23, 21, 20, 18, 16, 12]]","[6, 2, 4, 5, 3, 1]"
12,"(0.5, 144)","[[13, 12, 10, 9, 6, 5, 0], [36, 32, 30, 29, 28, 25, 23, 20, 18, 17, 17, 16, 15, 8, 7, 5, 4, 2, 1], [45, 44, 42, 41, 40, 38, 35, 31, 26, 25, 23, 22, 20, 17, 13, 11, 10, 9, 7, 5, 4, 3, 1], [46, 44, 42, 41, 39, 38, 35, 26, 25, 23, 22, 21, 20, 17, 14, 9, 8, 7, 6, 5, 4, 3, 1, 0], [55, 52, 51, 48, 44, 41, 41, 40, 37, 34, 32, 31, 30, 26, 24, 19, 18, 17, 15, 11, 10, 8, 7, 6, 5, 4, 3, 2, 1], [81, 80, 79, 74, 73, 72, 68, 66, 65, 62, 60, 54, 53, 52, 50, 49, 46, 42, 40, 38, 34, 33, 32, 30, 28, 27, 26, 24, 23, 22, 21, 20, 19, 16, 16, 11, 10, 8, 7, 6, 4, 3]]","[6, 5, 4, 2, 3, 1]"
12,"(0.25, 72)","[[13, 9, 5, 0], [36, 29, 23, 17, 17, 15, 8, 4, 2, 1], [41, 40, 38, 26, 25, 23, 22, 13, 7, 5, 4, 1], [41, 38, 35, 26, 20, 17, 9, 8, 7, 6, 5, 0], [55, 41, 41, 40, 34, 31, 19, 17, 10, 7, 6, 5, 4, 2], [80, 73, 66, 60, 54, 53, 50, 46, 42, 38, 33, 32, 28, 27, 26, 24, 22, 16, 16, 10]]","[6, 5, 4, 2, 3, 1]"
12,"(0.125, 36)","[[13, 0], [29, 17, 17, 2, 1], [40, 38, 23, 22, 5, 4], [41, 26, 9, 7, 6, 5], [55, 19, 17, 7, 6, 5, 4], [80, 60, 53, 42, 28, 26, 24, 22, 16, 16]]","[6, 5, 4, 2, 3, 1]"
13,"(0.5, 144)","[[16, 14, 12, 11, 6, 5, 4, 3, 2], [35, 34, 33, 31, 28, 25, 22, 20, 19, 12, 11, 10, 8, 7, 5, 4, 3, 2], [38, 37, 36, 35, 34, 33, 30, 26, 24, 22, 20, 19, 18, 15, 8, 7, 6, 5, 4, 2, 1], [45, 44, 43, 42, 40, 39, 36, 34, 33, 24, 22, 20, 19, 15, 9, 8, 7, 6, 5, 3, 2, 1, 0], [58, 57, 53, 52, 51, 45, 44, 43, 42, 41, 38, 36, 34, 32, 29, 28, 27, 24, 22, 18, 17, 10, 9, 8, 6, 5, 4, 3, 2, 1], [84, 82, 77, 75, 74, 73, 68, 66, 55, 54, 53, 52, 50, 44, 43, 41, 39, 38, 37, 36, 34, 32, 31, 30, 29, 28, 26, 24, 23, 22, 21, 20, 19, 17, 16, 14, 13, 8, 6, 5, 4, 2, 1]]","[6, 4, 5, 2, 3, 1]"
13,"(0.25, 72)","[[16, 6, 5, 3], [35, 31, 22, 8, 7, 5, 4, 3, 2], [38, 35, 34, 26, 24, 22, 19, 7, 4, 2, 1], [42, 40, 34, 24, 22, 20, 19, 9, 8, 7, 5, 1], [57, 45, 43, 42, 41, 28, 18, 10, 9, 8, 6, 5, 4, 3, 1], [84, 77, 74, 55, 53, 52, 50, 38, 37, 34, 30, 28, 26, 24, 23, 21, 19, 17, 16, 14, 8]]","[6, 4, 5, 2, 3, 1]"
13,"(0.125, 36)","[[16, 3], [35, 31, 22, 4, 3], [38, 34, 24, 19, 2], [40, 34, 24, 9, 7, 5], [18, 10, 8, 6, 5, 4, 3], [84, 52, 37, 28, 26, 24, 23, 21, 17, 16, 14]]","[6, 4, 5, 2, 3, 1]"
14,"(0.5, 144)","[[12, 11, 10, 7, 3, 1, 0], [32, 30, 29, 28, 27, 26, 22, 19, 17, 16, 13, 12, 11, 9, 6, 3, 1], [37, 36, 35, 33, 32, 31, 29, 27, 26, 22, 19, 16, 15, 9, 7, 6, 5, 4, 2], [52, 49, 48, 47, 46, 43, 42, 40, 39, 27, 25, 23, 22, 20, 19, 16, 15, 11, 9, 8, 7, 6, 5, 4, 2, 1, 0], [57, 56, 52, 51, 45, 44, 42, 41, 38, 35, 32, 30, 29, 28, 24, 21, 18, 16, 11, 10, 9, 8, 7, 6, 5, 3, 2, 1, 0], [89, 88, 83, 81, 74, 71, 69, 63, 55, 54, 53, 52, 51, 47, 46, 43, 42, 40, 39, 37, 36, 32, 31, 30, 29, 28, 27, 26, 25, 24, 22, 21, 20, 18, 17, 16, 15, 14, 11, 10, 8, 6, 4, 3, 0]]","[6, 5, 4, 2, 3, 1]"
14,"(0.25, 72)","[[10, 3, 0], [30, 26, 19, 17, 16, 12, 9, 6, 1], [36, 35, 32, 31, 29, 16, 9, 7, 6, 4], [52, 48, 47, 40, 22, 19, 9, 8, 7, 6, 5, 4, 0], [56, 51, 44, 42, 41, 29, 18, 16, 10, 7, 5, 3, 2, 1, 0], [89, 88, 83, 54, 53, 52, 51, 46, 43, 42, 37, 36, 31, 30, 26, 25, 24, 22, 21, 17, 15, 10]]","[6, 5, 4, 2, 3, 1]"
14,"(0.125, 36)","[[3, 0], [26, 17, 6, 1], [35, 31, 29, 16, 4], [47, 9, 8, 7, 5, 4, 0], [56, 42, 16, 7, 5, 3, 2], [89, 51, 42, 31, 30, 26, 24, 22, 21, 17, 15]]","[6, 5, 4, 2, 3, 1]"
15,"(0.5, 144)","[[12, 11, 10, 8, 6, 4, 0], [35, 33, 32, 31, 30, 29, 28, 25, 24, 23, 21, 16, 15, 12, 6, 5, 4, 3, 1], [42, 41, 40, 38, 37, 36, 34, 32, 27, 24, 23, 21, 20, 13, 12, 10, 9, 6, 4, 3, 2, 1], [43, 40, 39, 38, 37, 32, 26, 25, 22, 21, 20, 18, 17, 10, 9, 8, 7, 6, 5, 4, 1, 0], [57, 56, 52, 45, 44, 41, 39, 38, 36, 34, 33, 32, 31, 26, 25, 24, 21, 20, 18, 12, 11, 10, 8, 7, 5, 4, 3, 2, 1], [87, 86, 85, 81, 80, 79, 75, 72, 71, 70, 66, 63, 57, 56, 55, 54, 53, 51, 45, 43, 40, 39, 37, 35, 31, 30, 29, 28, 27, 25, 24, 23, 22, 21, 20, 18, 16, 15, 13, 9, 8, 5, 4, 3, 0]]","[6, 5, 4, 2, 3, 1]"
15,"(0.25, 72)","[[11, 6, 0], [33, 29, 23, 21, 16, 15, 5, 3, 1], [40, 36, 34, 24, 23, 21, 20, 12, 6, 3, 2], [39, 37, 32, 26, 21, 10, 8, 7, 5, 4, 1], [56, 38, 36, 34, 33, 32, 21, 18, 12, 11, 8, 5, 4, 3, 1], [87, 81, 72, 57, 55, 53, 51, 40, 39, 35, 30, 28, 27, 25, 23, 22, 21, 20, 18, 16, 15, 13, 8]]","[6, 5, 4, 2, 3, 1]"
15,"(0.125, 36)","[[11, 0], [29, 23, 21, 3, 1], [40, 36, 34, 3, 2], [26, 10, 8, 7, 5, 4], [56, 21, 18, 8, 5, 4, 3], [87, 51, 39, 35, 28, 27, 23, 20, 18, 15, 13]]","[6, 5, 4, 2, 3, 1]"
16,"(0.5, 144)","[[16, 15, 13, 12, 8, 7, 5, 2, 1], [36, 35, 33, 32, 30, 27, 26, 24, 19, 18, 10, 9, 7, 6, 5, 4, 3, 2, 1], [41, 37, 36, 35, 34, 33, 32, 31, 28, 24, 22, 21, 18, 17, 13, 11, 7, 6, 5, 4, 3, 1], [48, 45, 44, 43, 42, 41, 38, 37, 35, 25, 24, 22, 20, 19, 16, 14, 9, 8, 7, 6, 5, 4, 3, 2, 1], [55, 53, 52, 46, 45, 44, 43, 40, 36, 35, 32, 31, 30, 29, 25, 20, 19, 17, 12, 10, 9, 8, 6, 5, 4, 3, 2, 1], [79, 78, 77, 75, 73, 67, 65, 64, 61, 57, 51, 50, 44, 38, 36, 33, 30, 29, 27, 26, 25, 24, 23, 21, 20, 19, 18, 17, 16, 15, 14, 12, 8, 7, 6, 5, 4, 3, 2, 1, 0]]","[6, 4, 5, 2, 3, 1]"
16,"(0.25, 72)","[[16, 8, 7, 5, 2], [36, 35, 30, 26, 19, 10, 6, 5, 4], [37, 33, 32, 24, 22, 21, 17, 13, 7, 3, 1], [44, 35, 24, 20, 19, 16, 9, 8, 7, 6, 4, 3], [55, 45, 44, 43, 20, 19, 17, 10, 8, 6, 5, 4, 2, 1], [79, 78, 75, 67, 57, 51, 50, 38, 30, 29, 26, 25, 24, 23, 21, 19, 18, 17, 15, 12, 6]]","[6, 4, 5, 2, 3, 1]"
16,"(0.125, 36)","[[8, 2], [35, 30, 19, 5, 4], [32, 22, 13, 7, 1], [44, 24, 9, 7, 4, 3], [20, 17, 10, 8, 6, 5, 4], [78, 51, 50, 38, 29, 26, 23, 21, 19, 15, 12]]","[6, 4, 5, 2, 3, 1]"
17,"(0.5, 144)","[[15, 14, 11, 10, 9, 7, 6, 3, 2], [37, 36, 35, 33, 32, 31, 28, 27, 22, 21, 19, 18, 16, 12, 11, 9, 5, 4, 1], [38, 35, 34, 33, 32, 31, 30, 29, 26, 24, 23, 20, 18, 16, 8, 7, 5, 4, 2, 1], [50, 47, 46, 45, 44, 43, 42, 39, 38, 37, 36, 35, 24, 23, 21, 19, 18, 16, 14, 8, 6, 5, 4, 2, 1, 0], [53, 50, 43, 41, 40, 39, 35, 34, 31, 29, 28, 27, 23, 20, 19, 18, 12, 11, 10, 9, 8, 7, 5, 4, 3, 2, 1], [82, 81, 76, 74, 69, 68, 67, 62, 56, 55, 54, 53, 52, 46, 45, 43, 40, 39, 37, 35, 34, 31, 30, 29, 28, 24, 23, 22, 21, 20, 19, 18, 16, 16, 15, 14, 13, 12, 10, 9, 5, 4, 3]]","[6, 4, 5, 2, 3, 1]"
17,"(0.25, 72)","[[15, 10, 9, 3, 2], [35, 32, 31, 21, 19, 18, 16, 12, 5, 4], [35, 34, 33, 31, 30, 23, 8, 5, 2, 1], [45, 43, 36, 24, 21, 18, 16, 8, 6, 5, 4, 2, 0], [41, 40, 29, 20, 18, 11, 10, 8, 7, 5, 4, 3, 2, 1], [82, 76, 56, 54, 52, 40, 34, 30, 29, 28, 24, 23, 22, 20, 16, 16, 15, 13, 9, 3]]","[6, 4, 5, 2, 3, 1]"
17,"(0.125, 36)","[[10, 9], [35, 31, 18, 12, 4], [35, 30, 23, 2, 1], [45, 43, 24, 6, 5, 0], [20, 18, 8, 7, 5, 4, 3], [82, 40, 29, 28, 23, 22, 20, 16, 16, 15, 3]]","[6, 4, 5, 2, 3, 1]"
18,"(0.5, 144)","[[14, 12, 9, 8, 7, 6, 2, 1], [32, 31, 30, 29, 28, 27, 25, 21, 18, 16, 15, 12, 6, 5, 3, 2, 1, 0], [37, 36, 35, 33, 32, 31, 29, 26, 23, 21, 20, 18, 16, 9, 6, 4, 3, 2, 1], [46, 45, 44, 43, 42, 38, 37, 36, 25, 23, 21, 20, 19, 17, 16, 13, 9, 7, 6, 5, 4, 3, 1, 0], [56, 55, 51, 50, 42, 40, 39, 38, 34, 32, 30, 29, 26, 25, 22, 20, 18, 16, 13, 12, 9, 8, 7, 6, 5, 4, 3, 2, 1], [89, 88, 81, 79, 78, 72, 71, 70, 68, 62, 55, 54, 53, 52, 51, 49, 44, 43, 40, 39, 38, 36, 35, 32, 31, 30, 29, 28, 27, 26, 25, 24, 22, 21, 20, 19, 17, 16, 15, 13, 12, 8, 6, 4, 3, 2]]","[6, 5, 4, 2, 3, 1]"
18,"(0.25, 72)","[[14, 12, 7, 2], [32, 28, 21, 18, 16, 12, 2, 1, 0], [35, 31, 29, 23, 18, 9, 6, 4, 3, 2], [44, 42, 20, 19, 16, 9, 7, 6, 5, 4, 1, 0], [55, 40, 39, 38, 30, 20, 16, 12, 9, 7, 6, 5, 4, 2], [89, 88, 81, 78, 55, 51, 49, 44, 40, 39, 36, 30, 28, 27, 25, 24, 22, 20, 16, 15, 13, 12, 8]]","[6, 5, 4, 2, 3, 1]"
18,"(0.125, 36)","[[14, 2], [32, 18, 16, 12, 1], [35, 31, 29, 3, 2], [44, 42, 16, 7, 5, 4], [55, 20, 16, 7, 6, 5, 4], [89, 40, 39, 30, 28, 25, 24, 22, 20, 16, 13]]","[6, 5, 4, 2, 3, 1]"
19,"(0.5, 144)","[[13, 10, 9, 8, 4, 3, 2, 0], [35, 34, 33, 27, 25, 24, 21, 19, 18, 17, 15, 11, 8, 7, 5, 4, 3, 1], [34, 32, 30, 28, 27, 24, 23, 22, 18, 17, 14, 11, 7, 6, 4, 2, 2, 1], [47, 45, 44, 43, 42, 41, 36, 35, 24, 23, 22, 21, 20, 16, 11, 10, 9, 8, 7, 6, 5, 3, 1, 0], [57, 53, 52, 48, 46, 45, 43, 42, 41, 38, 36, 34, 32, 30, 29, 28, 24, 17, 16, 11, 10, 9, 8, 7, 5, 4, 3, 2, 1, 0], [90, 89, 87, 82, 80, 79, 78, 72, 71, 69, 68, 56, 55, 54, 53, 51, 48, 46, 45, 44, 42, 41, 39, 36, 35, 34, 33, 32, 30, 29, 28, 27, 26, 24, 23, 22, 21, 20, 18, 11, 9, 8, 7, 5, 4, 3]]","[6, 4, 5, 2, 3, 1]"
19,"(0.25, 72)","[[10, 9, 4, 0], [35, 34, 33, 19, 18, 11, 7, 5, 4], [30, 28, 22, 17, 14, 6, 2, 2, 1], [42, 41, 36, 24, 23, 11, 10, 9, 8, 6, 5, 0], [57, 43, 42, 41, 17, 16, 10, 9, 7, 5, 4, 3, 2, 1, 0], [90, 89, 82, 79, 69, 56, 54, 53, 51, 48, 45, 44, 39, 33, 32, 29, 28, 27, 26, 24, 22, 18, 11]]","[6, 4, 5, 2, 3, 1]"
19,"(0.125, 36)","[[9, 4], [34, 33, 19, 5, 4], [22, 17, 6, 2, 2], [36, 24, 11, 9, 6, 5], [41, 16, 7, 5, 4, 3, 2], [90, 51, 45, 44, 33, 32, 29, 26, 24, 22, 18]]","[6, 4, 5, 2, 3, 1]"
20,"(0.5, 144)","[[14, 12, 11, 5, 4, 2, 1, 0], [37, 35, 34, 32, 29, 25, 24, 23, 22, 20, 19, 15, 13, 9, 6, 5, 4, 2, 2, 1], [41, 40, 39, 38, 37, 36, 34, 28, 26, 23, 22, 20, 19, 16, 11, 10, 9, 7, 5, 4, 3], [50, 48, 47, 46, 45, 44, 43, 39, 38, 36, 26, 25, 23, 21, 20, 19, 17, 16, 13, 8, 6, 5, 4, 3, 1, 0], [55, 53, 52, 44, 43, 41, 40, 37, 35, 33, 31, 30, 29, 25, 20, 18, 14, 13, 10, 9, 8, 6, 5, 4, 3, 2, 1, 0], [81, 76, 75, 74, 71, 70, 69, 68, 67, 66, 62, 54, 53, 52, 51, 49, 44, 43, 42, 40, 38, 37, 33, 32, 31, 30, 29, 27, 25, 24, 23, 21, 20, 19, 17, 16, 14, 13, 9, 4, 3]]","[6, 5, 4, 2, 3, 1]"
20,"(0.25, 72)","[[11, 4, 2, 1], [35, 25, 23, 15, 6, 5, 4, 2, 2, 1], [40, 39, 38, 36, 34, 20, 19, 11, 7, 5, 4], [44, 43, 25, 23, 21, 20, 19, 16, 6, 5, 4, 3, 0], [55, 41, 40, 33, 20, 18, 13, 10, 8, 6, 5, 4, 3, 1], [81, 76, 68, 54, 51, 49, 42, 38, 37, 32, 30, 29, 27, 25, 24, 23, 21, 19, 17, 14]]","[6, 5, 4, 2, 3, 1]"
20,"(0.125, 36)","[[4, 2], [35, 25, 23, 2, 2], [39, 36, 34, 7, 4], [25, 20, 16, 5, 3, 0], [41, 18, 8, 6, 5, 4, 3], [81, 42, 30, 29, 27, 25, 24, 23, 21, 19, 17]]","[6, 5, 4, 2, 3, 1]"
21,"(0.5, 144)","[[16, 12, 11, 10, 9, 7, 6, 4, 3], [35, 34, 31, 30, 28, 25, 23, 22, 16, 11, 9, 8, 6, 5, 4, 3, 2, 0], [39, 35, 34, 33, 32, 31, 30, 29, 27, 24, 22, 20, 18, 17, 15, 9, 7, 6, 5, 3, 2], [44, 42, 41, 40, 37, 34, 33, 23, 22, 19, 17, 11, 10, 9, 8, 6, 5, 5, 4, 3, 2, 1, 0], [55, 51, 50, 49, 47, 46, 43, 43, 42, 39, 36, 34, 32, 31, 27, 23, 21, 20, 19, 13, 12, 9, 8, 6, 5, 4, 3, 2, 1], [86, 85, 80, 78, 77, 73, 72, 70, 67, 66, 58, 57, 56, 53, 50, 49, 48, 44, 43, 39, 38, 35, 34, 33, 32, 31, 28, 27, 26, 25, 23, 22, 21, 19, 18, 17, 15, 12, 11, 9, 7, 6, 5, 4]]","[6, 4, 5, 2, 3, 1]"
21,"(0.25, 72)","[[11, 10, 9, 6, 3], [35, 34, 31, 30, 28, 6, 5, 4, 3], [35, 34, 33, 31, 24, 18, 15, 6, 3, 2], [40, 34, 23, 22, 19, 9, 8, 6, 5, 5, 3], [55, 43, 43, 42, 32, 31, 21, 19, 12, 8, 6, 5, 4, 2], [86, 80, 72, 58, 57, 56, 44, 43, 38, 34, 32, 31, 28, 27, 26, 25, 23, 19, 18, 17, 15, 11, 5]]","[6, 4, 5, 2, 3, 1]"
21,"(0.125, 36)","[[11, 3], [34, 30, 28, 4, 3], [35, 24, 18, 6, 3], [23, 9, 6, 5, 5, 3], [55, 21, 19, 8, 6, 5, 4], [86, 57, 56, 43, 32, 31, 28, 26, 25, 23, 18]]","[6, 4, 5, 2, 3, 1]"
22,"(0.5, 144)","[[12, 11, 10, 9, 7, 6, 3], [34, 33, 31, 30, 29, 26, 21, 20, 18, 17, 15, 12, 11, 10, 7, 4, 3, 1], [38, 34, 33, 32, 31, 30, 29, 27, 25, 23, 22, 19, 18, 15, 8, 7, 6, 4, 2, 1], [47, 46, 45, 44, 43, 42, 39, 37, 25, 23, 21, 20, 19, 16, 13, 9, 8, 7, 6, 5, 4, 3, 2, 1, 0], [56, 54, 53, 52, 46, 45, 42, 38, 36, 33, 32, 31, 30, 27, 25, 19, 18, 17, 16, 11, 10, 9, 8, 7, 6, 5, 4, 3, 2, 1], [85, 84, 82, 77, 75, 74, 73, 67, 66, 64, 58, 53, 52, 51, 50, 48, 42, 41, 38, 37, 36, 35, 33, 30, 29, 28, 27, 26, 24, 23, 22, 21, 19, 18, 17, 16, 15, 13, 12, 11, 6, 5, 3, 2]]","[6, 4, 5, 2, 3, 1]"
22,"(0.25, 72)","[[12, 9, 7], [34, 29, 21, 20, 18, 17, 10, 3, 1], [34, 31, 30, 23, 18, 15, 7, 4, 2, 1], [45, 42, 37, 20, 19, 16, 9, 7, 6, 5, 4, 1, 0], [53, 46, 45, 32, 19, 18, 16, 10, 8, 6, 5, 4, 3, 2, 1], [85, 84, 77, 74, 53, 52, 50, 48, 38, 37, 29, 27, 26, 24, 22, 21, 19, 17, 13, 12, 11, 5]]","[6, 4, 5, 2, 3, 1]"
22,"(0.125, 36)","[[9, 7], [29, 17, 10, 3], [34, 30, 23, 2, 1], [45, 37, 9, 7, 6, 4], [19, 16, 6, 5, 4, 3, 2], [48, 38, 37, 27, 26, 24, 22, 21, 19, 17, 13, 12]]","[6, 4, 5, 2, 3, 1]"
23,"(0.5, 144)","[[16, 14, 13, 12, 10, 8, 5, 2, 1], [34, 31, 30, 29, 28, 27, 26, 20, 19, 18, 13, 12, 7, 6, 4, 3, 1, 0], [36, 35, 34, 31, 29, 26, 21, 20, 18, 17, 16, 11, 10, 7, 6, 5, 4, 3, 1], [49, 46, 45, 44, 42, 41, 37, 36, 34, 33, 28, 23, 22, 20, 18, 17, 15, 9, 8, 7, 6, 5, 4, 3, 1], [54, 53, 50, 42, 41, 40, 39, 38, 37, 35, 31, 29, 28, 27, 26, 22, 18, 17, 16, 11, 9, 8, 7, 5, 4, 3, 2, 1], [87, 86, 85, 80, 79, 72, 69, 68, 55, 54, 53, 52, 51, 50, 48, 45, 44, 42, 39, 38, 34, 33, 30, 29, 28, 27, 26, 25, 24, 23, 22, 21, 20, 19, 18, 17, 16, 11, 9, 8, 7, 5, 4, 3, 0]]","[6, 5, 4, 2, 3, 1]"
23,"(0.25, 72)","[[16, 14, 13, 12, 1], [31, 30, 27, 20, 19, 13, 7, 1, 0], [34, 31, 18, 17, 11, 7, 5, 4, 3], [44, 41, 34, 23, 18, 17, 15, 8, 7, 6, 5, 4, 3], [53, 40, 39, 38, 29, 27, 18, 11, 9, 7, 5, 4, 2, 1], [87, 86, 79, 55, 53, 52, 51, 50, 45, 39, 38, 29, 28, 26, 25, 24, 22, 20, 19, 17, 16, 4]]","[6, 5, 4, 2, 3, 1]"
23,"(0.125, 36)","[[14, 12], [27, 19, 7, 1, 0], [34, 31, 11, 4, 3], [44, 23, 8, 7, 4, 3], [53, 27, 18, 9, 7, 5, 4], [87, 39, 38, 29, 28, 26, 24, 22, 20, 17, 16]]","[6, 5, 4, 2, 3, 1]"
24,"(0.5, 144)","[[15, 12, 11, 10, 4, 3, 1, 0], [34, 32, 31, 30, 29, 28, 27, 22, 19, 16, 15, 12, 11, 5, 3, 2, 2, 1], [41, 40, 38, 37, 36, 35, 32, 24, 23, 22, 21, 18, 16, 12, 10, 9, 7, 5, 4, 3, 2], [43, 42, 41, 40, 39, 34, 27, 25, 23, 22, 20, 12, 11, 10, 9, 8, 7, 6, 5, 2, 1, 0], [55, 51, 47, 43, 42, 40, 39, 35, 32, 30, 29, 28, 24, 22, 20, 19, 18, 16, 10, 9, 8, 7, 6, 5, 4, 3, 2, 1, 0], [88, 87, 86, 85, 81, 79, 72, 71, 70, 69, 68, 62, 55, 54, 53, 52, 50, 46, 45, 40, 38, 37, 35, 32, 31, 30, 28, 27, 26, 25, 24, 23, 22, 21, 20, 19, 18, 16, 15, 13, 8, 7, 6, 5, 2, 1]]","[6, 5, 4, 2, 3, 1]"
24,"(0.25, 72)","[[15, 10, 4, 0], [32, 28, 27, 22, 19, 12, 2, 2, 1], [41, 40, 36, 35, 23, 22, 21, 7, 5, 4, 3], [43, 41, 34, 27, 20, 11, 9, 8, 6, 5, 0], [55, 40, 39, 20, 18, 16, 9, 7, 5, 4, 3, 2, 1, 0], [88, 87, 81, 55, 53, 52, 50, 40, 35, 31, 28, 26, 25, 24, 23, 22, 20, 18, 15, 13, 8, 6, 2]]","[6, 5, 4, 2, 3, 1]"
24,"(0.125, 36)","[[4, 0], [32, 28, 27, 2, 2], [40, 36, 35, 4, 3], [41, 27, 11, 9, 6, 5], [40, 20, 16, 9, 5, 4, 3], [50, 40, 26, 25, 24, 23, 22, 20, 15, 13, 6]]","[6, 5, 4, 2, 3, 1]"
25,"(0.5, 144)","[[17, 14, 13, 12, 11, 9, 8, 2, 1], [30, 29, 28, 27, 26, 20, 18, 17, 15, 14, 11, 9, 7, 6, 5, 3, 1], [37, 36, 35, 33, 32, 31, 25, 22, 20, 19, 18, 10, 9, 7, 6, 5, 4, 3, 2], [49, 46, 45, 44, 43, 42, 41, 34, 22, 20, 19, 18, 16, 13, 10, 9, 8, 7, 6, 5, 4, 3, 2, 1, 0], [58, 54, 53, 47, 45, 44, 43, 40, 36, 34, 32, 31, 30, 29, 26, 20, 19, 13, 12, 11, 10, 9, 8, 7, 6, 5, 4, 3, 2, 1], [85, 84, 83, 79, 78, 77, 70, 68, 67, 61, 60, 54, 53, 52, 50, 46, 45, 41, 40, 36, 32, 31, 30, 29, 28, 26, 25, 24, 22, 21, 20, 19, 18, 16, 15, 14, 9, 8, 7, 6, 5, 4, 3, 2]]","[6, 5, 4, 2, 3, 1]"
25,"(0.25, 72)","[[17, 13, 11, 8, 2], [28, 27, 20, 18, 17, 6, 5, 1], [36, 35, 31, 20, 19, 18, 9, 5, 3, 2], [44, 41, 34, 22, 20, 19, 16, 10, 8, 7, 6, 5, 4], [45, 44, 40, 32, 31, 20, 19, 12, 9, 7, 6, 5, 4, 3, 2], [85, 79, 68, 53, 52, 50, 41, 40, 30, 29, 26, 25, 24, 22, 20, 18, 16, 15, 14, 9, 3]]","[6, 5, 4, 2, 3, 1]"
25,"(0.125, 36)","[[17, 8], [27, 20, 18, 1], [35, 19, 18, 3, 2], [44, 10, 8, 7, 5, 4], [20, 19, 7, 6, 5, 4, 3], [85, 50, 41, 40, 30, 29, 25, 24, 22, 20, 16, 15]]","[6, 5, 4, 2, 3, 1]"
26,"(0.5, 144)","[[10, 9, 8, 7, 6, 3, 2], [39, 38, 36, 35, 34, 32, 30, 27, 25, 22, 21, 19, 11, 10, 7, 6, 5, 4, 3, 2], [39, 35, 34, 33, 32, 31, 30, 29, 26, 24, 22, 20, 17, 14, 13, 6, 5, 4, 3, 2, 1], [47, 45, 43, 42, 40, 39, 23, 22, 21, 19, 18, 17, 15, 11, 10, 8, 7, 6, 5, 5, 4, 3, 1, 0], [53, 52, 48, 42, 41, 40, 39, 38, 32, 29, 25, 24, 19, 18, 17, 15, 12, 11, 9, 8, 7, 5, 4, 3, 2, 1, 0], [86, 85, 78, 76, 75, 74, 69, 68, 67, 66, 65, 64, 60, 58, 51, 50, 49, 48, 47, 41, 40, 37, 35, 32, 31, 28, 27, 26, 24, 23, 22, 21, 20, 18, 17, 16, 15, 14, 13, 12, 10, 6, 4, 3, 0]]","[6, 4, 5, 2, 3, 1]"
26,"(0.25, 72)","[[9, 6, 3, 2], [38, 34, 32, 21, 19, 11, 7, 5, 4, 3], [35, 33, 31, 30, 29, 24, 14, 5, 2, 1], [42, 40, 23, 22, 19, 17, 8, 7, 6, 5, 5, 0], [52, 40, 39, 29, 19, 17, 15, 12, 9, 7, 5, 4, 3, 1], [86, 85, 78, 75, 51, 50, 48, 47, 37, 31, 28, 27, 26, 22, 21, 20, 18, 16, 15, 13, 12, 10]]","[6, 4, 5, 2, 3, 1]"
26,"(0.125, 36)","[[9, 6], [38, 32, 21, 4, 3], [35, 33, 30, 24, 1], [42, 40, 23, 7, 5, 5], [40, 19, 15, 9, 5, 4, 3], [85, 48, 47, 37, 27, 26, 22, 18, 16, 12, 10]]","[6, 4, 5, 2, 3, 1]"
27,"(0.5, 144)","[[14, 11, 10, 7, 3, 2, 1, 0], [34, 33, 32, 31, 30, 29, 27, 23, 21, 19, 16, 15, 13, 9, 8, 7, 5, 4, 2, 1], [40, 39, 38, 37, 36, 34, 31, 30, 26, 23, 22, 20, 18, 12, 11, 8, 6, 5, 4, 3, 1], [47, 46, 45, 44, 43, 42, 39, 38, 37, 27, 26, 24, 22, 21, 20, 17, 8, 7, 6, 5, 4, 2, 1, 0], [53, 51, 47, 44, 43, 41, 40, 39, 35, 33, 31, 30, 29, 28, 23, 18, 16, 15, 10, 9, 8, 7, 5, 4, 3, 2, 1], [84, 83, 80, 78, 77, 71, 70, 68, 66, 63, 55, 54, 53, 52, 50, 46, 45, 43, 42, 41, 40, 38, 37, 34, 33, 32, 31, 30, 29, 28, 27, 26, 25, 24, 22, 21, 20, 19, 18, 17, 15, 9, 4, 3]]","[6, 5, 4, 2, 3, 1]"
27,"(0.25, 72)","[[7, 2, 1, 0], [34, 33, 31, 30, 21, 16, 13, 4, 2, 1], [38, 36, 34, 20, 12, 11, 8, 6, 5, 4], [47, 42, 38, 27, 22, 21, 17, 7, 5, 4, 1, 0], [53, 41, 40, 30, 23, 18, 15, 9, 8, 7, 5, 4, 3, 2], [84, 80, 53, 52, 50, 42, 41, 40, 37, 31, 30, 28, 27, 26, 25, 24, 22, 20, 19, 17, 15, 9]]","[6, 5, 4, 2, 3, 1]"
27,"(0.125, 36)","[[1, 0], [30, 21, 13, 2, 1], [38, 36, 34, 5, 4], [38, 27, 17, 7, 5, 4], [53, 18, 15, 7, 5, 4, 3], [84, 40, 31, 30, 27, 25, 24, 22, 20, 17, 15]]","[6, 5, 4, 2, 3, 1]"
28,"(0.5, 144)","[[13, 12, 10, 8, 5, 3, 0], [37, 36, 35, 34, 33, 32, 29, 24, 23, 22, 20, 19, 13, 12, 10, 6, 5, 4, 1], [38, 35, 34, 33, 32, 29, 26, 25, 24, 22, 20, 19, 15, 7, 6, 4, 3, 2, 1, 0], [44, 43, 41, 40, 39, 38, 32, 31, 24, 23, 21, 20, 17, 15, 10, 8, 7, 6, 5, 4, 3, 1, 0], [59, 58, 54, 53, 50, 46, 45, 43, 42, 41, 35, 33, 31, 30, 29, 28, 25, 22, 21, 19, 13, 12, 9, 8, 6, 5, 4, 3, 2, 1], [86, 85, 84, 80, 72, 71, 65, 64, 58, 57, 56, 55, 48, 47, 46, 43, 42, 40, 38, 37, 35, 34, 33, 32, 31, 30, 28, 26, 25, 24, 23, 22, 21, 19, 18, 17, 15, 11, 9, 8, 7, 6, 5, 4, 3]]","[6, 4, 5, 2, 3, 1]"
28,"(0.25, 72)","[[13, 5, 3, 0], [33, 32, 24, 22, 20, 19, 12, 6, 5, 4], [35, 34, 26, 25, 19, 15, 7, 6, 1, 0], [40, 38, 32, 24, 23, 20, 17, 8, 6, 4, 0], [58, 43, 42, 41, 25, 22, 19, 12, 9, 8, 6, 5, 4, 3, 1], [86, 85, 80, 57, 56, 55, 48, 43, 42, 37, 33, 31, 30, 28, 26, 25, 24, 21, 18, 17, 15, 4]]","[6, 4, 5, 2, 3, 1]"
28,"(0.125, 36)","[[3, 0], [32, 19, 6, 5, 4], [35, 25, 7, 1, 0], [40, 38, 24, 8, 6, 4], [58, 22, 19, 8, 6, 5, 4, 3], [85, 43, 33, 31, 30, 26, 25, 24, 21, 18]]","[6, 4, 5, 2, 3, 1]"
29,"(0.5, 144)","[[17, 14, 13, 9, 8, 7, 2, 1, 0], [34, 33, 31, 30, 29, 28, 25, 23, 19, 17, 16, 15, 9, 7, 6, 5, 4, 2], [37, 33, 32, 31, 30, 29, 28, 26, 23, 21, 20, 19, 17, 16, 8, 7, 5, 4, 2, 1], [46, 45, 44, 43, 41, 40, 38, 37, 27, 26, 25, 23, 21, 20, 19, 13, 10, 8, 7, 6, 5, 4, 3, 2, 1], [56, 55, 52, 51, 44, 42, 41, 37, 35, 34, 32, 31, 30, 29, 21, 20, 19, 17, 11, 10, 8, 7, 6, 5, 4, 3, 2, 1], [86, 85, 76, 75, 72, 69, 68, 63, 57, 56, 55, 54, 53, 51, 46, 45, 43, 41, 39, 38, 36, 35, 31, 30, 29, 28, 27, 26, 25, 24, 23, 21, 20, 19, 17, 16, 14, 10, 9, 7, 6, 4, 3, 2]]","[6, 4, 5, 2, 3, 1]"
29,"(0.25, 72)","[[17, 13, 9, 1, 0], [34, 33, 31, 28, 17, 16, 15, 9, 4], [33, 32, 30, 29, 21, 17, 7, 4, 2, 1], [46, 45, 43, 38, 26, 20, 19, 8, 7, 6, 4, 3], [55, 42, 41, 34, 32, 31, 19, 17, 11, 8, 5, 4, 2, 1], [86, 85, 76, 69, 57, 55, 53, 51, 41, 36, 35, 30, 28, 26, 25, 24, 23, 21, 17, 14, 9, 3]]","[6, 4, 5, 2, 3, 1]"
29,"(0.125, 36)","[[1, 0], [33, 28, 17, 9], [33, 29, 21, 2, 1], [26, 19, 8, 7, 4, 3], [55, 42, 17, 8, 5, 4, 2], [86, 53, 51, 41, 28, 26, 25, 24, 23, 21, 17, 14]]","[6, 4, 5, 2, 3, 1]"
30,"(0.5, 144)","[[16, 14, 13, 11, 10, 9, 5, 4, 3], [34, 30, 29, 28, 27, 26, 23, 21, 18, 14, 8, 7, 6, 4, 3, 2, 2, 1], [37, 35, 34, 33, 31, 28, 25, 23, 21, 20, 17, 12, 9, 6, 5, 4, 3, 2, 0], [47, 44, 43, 42, 40, 36, 33, 23, 22, 20, 18, 17, 16, 15, 14, 11, 8, 7, 6, 5, 4, 3, 1, 0], [49, 45, 44, 39, 37, 36, 35, 33, 31, 30, 25, 23, 20, 18, 17, 16, 11, 9, 8, 7, 5, 4, 3, 2, 1], [93, 92, 85, 83, 82, 81, 75, 74, 72, 70, 66, 64, 58, 57, 56, 54, 49, 48, 44, 43, 41, 39, 38, 35, 34, 33, 32, 31, 30, 29, 27, 26, 25, 24, 22, 21, 20, 19, 18, 16, 15, 14, 13, 8, 7, 6, 5, 3, 2]]","[6, 5, 4, 2, 3, 1]"
30,"(0.25, 72)","[[11, 9, 5, 4, 3], [30, 28, 27, 14, 7, 3, 2, 2, 1], [37, 33, 31, 21, 20, 12, 6, 4, 3, 2], [42, 40, 33, 22, 18, 17, 16, 14, 8, 6, 5, 4], [49, 36, 35, 18, 17, 16, 11, 9, 7, 5, 4, 3, 2], [93, 92, 85, 57, 54, 44, 43, 39, 38, 33, 31, 29, 27, 26, 25, 24, 22, 20, 18, 15, 13, 7, 3]]","[6, 5, 4, 2, 3, 1]"
30,"(0.125, 36)","[[9, 5], [27, 7, 2, 2, 1], [33, 31, 20, 3, 2], [40, 22, 8, 6, 5, 4], [18, 16, 9, 7, 5, 4], [93, 92, 43, 31, 27, 26, 25, 24, 22, 20, 15, 13]]","[6, 5, 4, 2, 3, 1]"
31,"(0.5, 144)","[[12, 9, 8, 7, 4, 1, 0], [39, 38, 37, 35, 34, 33, 30, 29, 22, 21, 19, 18, 16, 13, 9, 8, 7, 5, 4, 1], [38, 35, 34, 33, 32, 31, 30, 27, 23, 21, 18, 16, 12, 11, 9, 7, 5, 4, 3, 1], [48, 44, 43, 41, 40, 39, 37, 27, 26, 25, 24, 22, 20, 19, 15, 11, 10, 9, 8, 7, 6, 5, 4, 2, 0], [56, 55, 51, 50, 48, 45, 44, 42, 41, 40, 39, 35, 34, 33, 32, 27, 26, 22, 20, 18, 12, 11, 8, 6, 5, 4, 3, 2, 1], [83, 82, 77, 76, 75, 72, 70, 69, 59, 58, 57, 56, 55, 50, 49, 48, 45, 44, 41, 39, 38, 35, 34, 33, 32, 31, 29, 27, 26, 25, 23, 22, 21, 20, 18, 17, 16, 14, 13, 9, 6, 5, 3]]","[6, 4, 5, 2, 3, 1]"
31,"(0.25, 72)","[[12, 8, 7, 0], [39, 37, 34, 33, 22, 21, 19, 18, 9, 4], [35, 33, 31, 30, 23, 21, 16, 12, 3, 1], [43, 41, 37, 26, 22, 19, 9, 8, 7, 5, 4, 2], [55, 41, 35, 27, 22, 18, 12, 11, 8, 6, 5, 4, 2, 1], [83, 82, 76, 70, 59, 58, 57, 55, 45, 44, 38, 34, 32, 31, 27, 26, 25, 23, 20, 17, 14, 9]]","[6, 4, 5, 2, 3, 1]"
31,"(0.125, 36)","[[8, 0], [37, 34, 33, 19, 9], [35, 30, 21, 16, 1], [43, 26, 9, 8, 5, 4], [55, 22, 18, 8, 6, 5, 4], [83, 57, 55, 45, 44, 32, 31, 27, 25, 23, 17]]","[6, 4, 5, 2, 3, 1]"
32,"(0.5, 144)","[[16, 15, 12, 11, 7, 6, 5, 4, 3], [37, 36, 34, 33, 32, 31, 20, 19, 18, 17, 15, 12, 8, 7, 6, 5, 4, 3, 1], [41, 37, 36, 35, 33, 32, 31, 28, 25, 23, 20, 18, 17, 16, 15, 8, 7, 6, 4, 3, 1, 0], [44, 43, 42, 41, 40, 39, 38, 32, 22, 20, 19, 18, 17, 15, 9, 8, 7, 6, 5, 4, 3, 1, 0], [62, 61, 58, 51, 50, 48, 47, 46, 40, 38, 37, 35, 34, 33, 32, 28, 22, 21, 20, 18, 14, 13, 12, 10, 9, 8, 6, 5, 4, 3, 2, 1], [75, 74, 72, 67, 65, 60, 59, 57, 56, 45, 44, 43, 42, 37, 36, 32, 31, 27, 26, 24, 23, 22, 21, 20, 19, 18, 17, 16, 15, 14, 13, 11, 9, 7, 6, 5, 4, 3, 0]]","[6, 4, 5, 2, 3, 1]"
32,"(0.25, 72)","[[16, 12, 11, 4, 3], [36, 33, 32, 20, 18, 17, 12, 7, 5, 4], [37, 35, 33, 32, 25, 23, 17, 15, 7, 1, 0], [42, 41, 32, 9, 8, 7, 6, 5, 4, 3, 0], [61, 48, 47, 46, 35, 33, 22, 18, 13, 10, 8, 6, 5, 4, 3, 1], [75, 74, 67, 45, 44, 42, 32, 31, 22, 21, 20, 19, 18, 16, 15, 13, 9, 4, 3]]","[6, 4, 5, 2, 3, 1]"
32,"(0.125, 36)","[[4, 3], [36, 32, 17, 5, 4], [32, 23, 7, 1, 0], [42, 9, 7, 6, 4, 3], [22, 18, 8, 6, 5, 4, 3, 1], [67, 44, 42, 22, 21, 20, 19, 16, 15, 13]]","[6, 4, 5, 2, 3, 1]"
33,"(0.5, 144)","[[12, 11, 9, 7, 4, 3, 1, 0], [31, 28, 27, 26, 25, 22, 19, 17, 16, 15, 13, 7, 6, 5, 3, 1], [36, 35, 34, 32, 31, 29, 27, 24, 22, 20, 19, 17, 16, 15, 8, 6, 4, 3, 1], [48, 47, 45, 44, 42, 41, 38, 37, 36, 25, 24, 21, 20, 19, 16, 13, 9, 7, 6, 5, 4, 3, 2, 1, 0], [56, 55, 53, 52, 46, 44, 43, 41, 39, 37, 35, 32, 31, 30, 29, 26, 19, 17, 11, 9, 8, 7, 5, 4, 3, 2, 1, 0], [94, 92, 88, 86, 85, 84, 78, 77, 75, 74, 67, 66, 59, 58, 57, 56, 55, 53, 47, 46, 45, 42, 41, 39, 38, 36, 32, 31, 30, 29, 27, 26, 25, 24, 23, 21, 20, 18, 17, 16, 14, 13, 9, 6, 5, 3, 2, 0]]","[6, 5, 4, 2, 3, 1]"
33,"(0.25, 72)","[[11, 9, 7, 4], [28, 27, 26, 19, 15, 6, 3, 1], [35, 34, 31, 29, 17, 8, 6, 4, 3], [44, 42, 41, 37, 25, 20, 19, 16, 6, 5, 4, 1], [55, 44, 43, 30, 17, 11, 9, 8, 7, 5, 4, 3, 2, 0], [94, 88, 86, 85, 59, 57, 55, 53, 47, 42, 41, 36, 32, 30, 29, 27, 25, 24, 23, 21, 20, 18, 17, 16, 14]]","[6, 5, 4, 2, 3, 1]"
33,"(0.125, 36)","[[9, 7], [28, 19, 6, 1], [34, 31, 29, 4, 3], [44, 25, 16, 5, 4, 1], [44, 17, 7, 5, 4, 3, 2], [94, 53, 42, 41, 30, 29, 25, 24, 23, 21, 20, 17]]","[6, 5, 4, 2, 3, 1]"
34,"(0.5, 144)","[[14, 12, 11, 10, 8, 7, 6, 0], [38, 37, 36, 35, 34, 32, 29, 26, 22, 19, 14, 13, 11, 9, 8, 7, 5, 4, 3, 2], [38, 37, 36, 35, 34, 33, 32, 29, 26, 25, 24, 23, 19, 18, 15, 8, 7, 5, 4, 2, 1], [46, 45, 44, 43, 39, 38, 36, 34, 28, 27, 25, 23, 22, 19, 15, 12, 10, 9, 8, 7, 6, 5, 3, 1, 0], [56, 52, 44, 43, 41, 40, 37, 33, 31, 29, 28, 27, 26, 24, 18, 17, 16, 13, 11, 10, 8, 7, 6, 5, 4, 3, 2, 1], [83, 82, 78, 76, 75, 70, 69, 68, 61, 54, 53, 52, 51, 50, 48, 45, 43, 40, 38, 33, 32, 28, 27, 26, 24, 23, 22, 21, 20, 19, 18, 18, 17, 15, 11, 10, 8, 7, 5, 4, 3, 0]]","[6, 4, 5, 2, 3, 1]"
34,"(0.25, 72)","[[11, 8, 7, 0], [37, 36, 34, 32, 22, 13, 11, 7, 4, 3], [36, 34, 33, 26, 24, 23, 19, 7, 2, 1], [45, 43, 36, 28, 27, 22, 19, 10, 8, 7, 5, 0], [41, 40, 29, 28, 18, 16, 10, 8, 7, 5, 4, 3, 2, 1], [82, 78, 54, 53, 50, 48, 38, 33, 32, 28, 27, 26, 24, 22, 20, 18, 18, 17, 15, 10, 4, 3]]","[6, 4, 5, 2, 3, 1]"
34,"(0.125, 36)","[[8, 0], [36, 32, 7, 4, 3], [36, 33, 24, 19, 2], [36, 28, 19, 10, 8, 5], [41, 18, 16, 7, 5, 4, 3], [82, 48, 28, 27, 26, 24, 22, 18, 18, 17, 15]]","[6, 4, 5, 2, 3, 1]"
35,"(0.5, 144)","[[15, 14, 13, 11, 10, 8, 2, 0], [36, 33, 32, 31, 30, 27, 25, 22, 20, 17, 13, 9, 8, 7, 6, 5, 4, 2, 1], [40, 39, 38, 37, 36, 34, 31, 27, 25, 23, 22, 20, 19, 17, 13, 10, 7, 6, 5, 4, 3], [45, 44, 43, 42, 41, 38, 37, 35, 34, 22, 20, 18, 17, 14, 10, 9, 8, 7, 6, 5, 4, 1, 0], [56, 55, 52, 48, 44, 41, 40, 37, 35, 34, 33, 32, 30, 29, 28, 24, 23, 19, 17, 10, 9, 8, 7, 6, 5, 3, 2, 2, 1], [84, 83, 82, 77, 75, 74, 73, 69, 68, 65, 63, 61, 55, 54, 53, 52, 50, 48, 45, 40, 39, 37, 36, 34, 31, 30, 29, 27, 26, 25, 24, 23, 22, 21, 20, 19, 17, 16, 14, 13, 10, 9, 6, 4]]","[6, 5, 4, 2, 3, 1]"
35,"(0.25, 72)","[[15, 11, 2, 0], [33, 31, 25, 22, 17, 8, 5, 4, 2, 1], [38, 36, 34, 23, 22, 13, 7, 6, 4, 3], [44, 43, 42, 35, 22, 20, 17, 8, 6, 5, 4, 0], [55, 41, 40, 29, 28, 19, 17, 9, 6, 5, 3, 2, 2, 1], [84, 77, 69, 55, 53, 50, 40, 39, 34, 31, 29, 27, 25, 24, 23, 22, 21, 19, 16, 14, 9, 4]]","[6, 5, 4, 2, 3, 1]"
35,"(0.125, 36)","[[2, 0], [33, 25, 8, 2, 1], [38, 23, 7, 4, 3], [44, 43, 42, 17, 8, 6], [41, 19, 5, 3, 2, 2, 1], [84, 50, 40, 29, 25, 24, 23, 22, 21, 16, 14]]","[6, 5, 4, 2, 3, 1]"
36,"(0.5, 144)","[[16, 15, 14, 10, 8, 7, 4, 1, 0], [35, 34, 33, 32, 31, 30, 28, 24, 22, 21, 17, 16, 12, 8, 7, 5, 4, 2, 1], [38, 37, 34, 33, 31, 31, 28, 24, 21, 20, 18, 17, 14, 10, 9, 7, 5, 4, 3, 1], [45, 40, 39, 37, 35, 26, 25, 23, 22, 21, 20, 18, 16, 11, 10, 9, 8, 7, 6, 5, 3, 1, 0], [54, 51, 49, 45, 44, 42, 41, 40, 33, 31, 30, 29, 25, 20, 19, 18, 16, 12, 11, 10, 9, 7, 6, 5, 4, 3, 2, 1], [89, 88, 83, 82, 81, 75, 72, 71, 60, 59, 58, 56, 50, 49, 47, 44, 43, 41, 39, 38, 36, 35, 34, 33, 32, 31, 29, 27, 26, 25, 24, 22, 21, 20, 18, 17, 15, 14, 12, 11, 8, 7, 6, 5, 4]]","[6, 5, 4, 2, 3, 1]"
36,"(0.25, 72)","[[15, 10, 1, 0], [35, 30, 24, 22, 21, 17, 8, 4, 2, 1], [38, 37, 33, 31, 31, 18, 9, 7, 5, 4], [45, 40, 35, 26, 18, 11, 9, 8, 6, 5, 1, 0], [54, 42, 41, 40, 25, 20, 16, 12, 9, 7, 6, 5, 4, 2], [89, 88, 82, 72, 60, 59, 58, 56, 44, 43, 38, 34, 32, 31, 29, 27, 26, 25, 24, 22, 18, 15]]","[6, 5, 4, 2, 3, 1]"
36,"(0.125, 36)","[[15, 0], [30, 22, 8, 2, 1], [33, 31, 31, 5, 4], [26, 11, 9, 8, 6, 5], [20, 16, 9, 7, 6, 5, 4], [89, 88, 58, 43, 32, 31, 29, 27, 24, 22, 18]]","[6, 5, 4, 2, 3, 1]"
37,"(0.5, 144)","[[15, 12, 10, 8, 7, 4, 2, 1, 0], [27, 26, 25, 24, 23, 18, 17, 14, 12, 11, 8, 4, 3, 1, 0, 0], [34, 33, 31, 30, 29, 28, 20, 19, 17, 14, 9, 7, 5, 4, 3, 2, 1, 0], [53, 50, 49, 48, 46, 45, 42, 39, 38, 26, 24, 22, 21, 20, 17, 15, 10, 9, 8, 7, 6, 6, 5, 4, 3, 1, 0], [56, 55, 53, 52, 45, 43, 42, 41, 39, 35, 33, 31, 30, 29, 27, 25, 18, 17, 12, 10, 9, 8, 6, 5, 4, 4, 3, 2, 1], [87, 86, 80, 78, 77, 72, 71, 70, 69, 67, 62, 54, 53, 52, 51, 50, 47, 46, 43, 39, 38, 34, 33, 32, 31, 29, 27, 26, 25, 23, 22, 21, 20, 19, 18, 17, 16, 14, 13, 8, 7, 6, 5, 4, 3]]","[6, 5, 4, 2, 3, 1]"
37,"(0.25, 72)","[[15, 12, 10, 7, 0], [26, 23, 18, 14, 8, 3, 0, 0], [33, 30, 29, 28, 19, 9, 4, 3, 2], [48, 46, 45, 39, 24, 21, 17, 10, 8, 7, 6, 6, 5, 0], [43, 42, 41, 30, 17, 12, 10, 9, 8, 6, 5, 4, 4, 2], [87, 86, 80, 78, 54, 53, 51, 50, 43, 39, 38, 33, 31, 29, 27, 26, 25, 23, 21, 19, 17, 14]]","[6, 5, 4, 2, 3, 1]"
37,"(0.125, 36)","[[15, 0], [23, 3, 0, 0], [33, 28, 3, 2], [48, 17, 10, 8, 6, 6, 5], [17, 12, 8, 6, 5, 4, 4], [87, 51, 50, 43, 39, 31, 27, 25, 23, 21, 17, 14]]","[6, 5, 4, 2, 3, 1]"
38,"(0.5, 144)","[[12, 10, 9, 8, 6, 5, 4], [38, 37, 35, 34, 30, 27, 22, 21, 20, 19, 18, 13, 11, 10, 9, 7, 5, 4, 3, 1], [38, 36, 35, 34, 33, 32, 31, 30, 27, 24, 23, 22, 19, 17, 16, 15, 13, 12, 3, 1], [46, 44, 43, 42, 40, 39, 35, 32, 31, 24, 23, 21, 19, 18, 10, 8, 7, 6, 5, 4, 3, 2, 1, 0], [57, 56, 51, 47, 44, 42, 41, 40, 39, 38, 35, 33, 32, 31, 30, 29, 21, 19, 18, 13, 12, 9, 8, 6, 5, 4, 3, 2, 1], [86, 84, 79, 78, 77, 71, 70, 68, 67, 62, 59, 53, 52, 51, 50, 44, 40, 39, 37, 35, 34, 30, 29, 28, 27, 26, 25, 24, 22, 21, 20, 19, 18, 17, 16, 15, 14, 9, 7, 6, 5, 4, 3, 0]]","[6, 4, 5, 2, 3, 1]"
38,"(0.25, 72)","[[12, 6, 4], [37, 35, 34, 21, 20, 19, 13, 7, 5, 4], [38, 34, 33, 32, 31, 22, 16, 13, 3, 1], [43, 42, 32, 24, 18, 10, 8, 7, 6, 5, 4, 3], [56, 42, 41, 40, 31, 30, 29, 18, 12, 9, 6, 5, 4, 2, 1], [86, 79, 68, 53, 51, 50, 40, 39, 34, 29, 28, 26, 25, 24, 22, 20, 19, 17, 16, 15, 14, 3]]","[6, 4, 5, 2, 3, 1]"
38,"(0.125, 36)","[[6, 4], [35, 20, 19, 7, 4], [34, 31, 22, 16, 1], [32, 24, 8, 6, 4, 3], [56, 41, 18, 9, 6, 5, 4], [86, 50, 40, 29, 28, 24, 22, 20, 17, 16, 14]]","[6, 4, 5, 2, 3, 1]"
39,"(0.5, 144)","[[15, 14, 13, 12, 8, 7, 5, 3], [37, 36, 34, 33, 32, 30, 27, 22, 19, 17, 16, 14, 10, 8, 7, 6, 4, 3, 1], [42, 38, 37, 36, 35, 34, 33, 32, 29, 25, 24, 23, 21, 19, 18, 16, 7, 6, 5, 4, 2, 1], [46, 45, 43, 42, 41, 39, 36, 35, 24, 23, 22, 20, 19, 18, 16, 15, 12, 11, 6, 5, 4, 3, 1, 0], [55, 51, 50, 44, 43, 40, 37, 35, 34, 32, 31, 30, 26, 25, 24, 22, 20, 18, 12, 11, 8, 7, 6, 5, 4, 3, 2, 1, 0], [84, 81, 80, 79, 75, 73, 72, 68, 59, 53, 52, 51, 50, 49, 47, 41, 40, 36, 34, 32, 29, 28, 27, 26, 25, 24, 23, 22, 21, 19, 18, 17, 16, 15, 13, 12, 10, 7, 5, 4, 2, 1]]","[6, 4, 5, 2, 3, 1]"
39,"(0.25, 72)","[[14, 13, 12, 8], [37, 36, 32, 30, 19, 17, 16, 6, 3, 1], [38, 36, 33, 25, 24, 19, 16, 7, 4, 2, 1], [41, 39, 35, 23, 19, 18, 15, 6, 5, 4, 3, 0], [55, 43, 31, 22, 20, 18, 11, 8, 6, 5, 4, 3, 1, 0], [81, 80, 75, 68, 53, 51, 49, 47, 41, 36, 32, 26, 25, 22, 21, 19, 17, 15, 12, 7, 1]]","[6, 4, 5, 2, 3, 1]"
39,"(0.125, 36)","[[13, 12], [36, 32, 30, 17, 3], [38, 33, 24, 7, 2, 1], [23, 15, 6, 5, 4, 3], [43, 22, 18, 6, 5, 4, 3], [81, 41, 36, 26, 25, 22, 21, 19, 17, 12]]","[6, 4, 5, 2, 3, 1]"
40,"(0.5, 144)","[[14, 11, 10, 9, 8, 7, 6, 3], [39, 38, 37, 36, 35, 31, 28, 26, 23, 21, 20, 12, 10, 9, 8, 6, 5, 4, 3, 1], [39, 36, 35, 34, 33, 32, 31, 30, 24, 22, 21, 19, 18, 17, 14, 7, 6, 5, 4, 2, 1], [43, 41, 40, 38, 37, 32, 31, 27, 24, 23, 22, 20, 17, 10, 8, 7, 5, 4, 4, 3, 2, 0], [55, 54, 51, 50, 45, 44, 42, 40, 39, 37, 36, 34, 33, 32, 31, 26, 18, 16, 12, 11, 8, 7, 6, 4, 3, 2, 2, 1], [86, 85, 84, 80, 78, 77, 76, 72, 71, 69, 68, 67, 52, 51, 47, 46, 44, 41, 40, 38, 37, 36, 35, 34, 33, 32, 31, 30, 29, 28, 27, 26, 25, 23, 21, 20, 19, 18, 16, 15, 11, 10, 7, 5, 4]]","[6, 4, 5, 2, 3, 1]"
40,"(0.25, 72)","[[14, 9, 8, 7], [38, 35, 23, 21, 20, 12, 6, 5, 4, 3], [36, 32, 31, 24, 22, 21, 14, 7, 2, 1], [40, 38, 32, 23, 22, 17, 8, 7, 5, 4, 4], [54, 51, 44, 34, 31, 18, 16, 11, 8, 6, 4, 3, 2, 2], [86, 85, 80, 77, 69, 52, 51, 41, 40, 37, 33, 32, 31, 30, 27, 26, 25, 23, 21, 19, 18, 16, 10]]","[6, 4, 5, 2, 3, 1]"
40,"(0.125, 36)","[[14, 9], [38, 21, 20, 5, 4], [36, 31, 22, 2, 1], [40, 32, 23, 8, 4, 4], [16, 8, 6, 4, 3, 2, 2], [86, 85, 51, 41, 40, 31, 30, 27, 23, 19, 16]]","[6, 4, 5, 2, 3, 1]"
41,"(0.5, 144)","[[16, 15, 14, 13, 11, 9, 2, 1, 0], [39, 34, 33, 33, 32, 31, 30, 29, 26, 23, 22, 21, 20, 18, 16, 14, 13, 6, 4, 2, 1], [42, 41, 40, 38, 37, 36, 34, 32, 28, 26, 23, 22, 21, 20, 13, 10, 8, 6, 5, 4, 3, 1], [48, 45, 44, 43, 42, 40, 39, 37, 36, 31, 24, 22, 20, 19, 18, 17, 16, 8, 7, 6, 5, 4, 3, 2, 0], [52, 51, 47, 46, 42, 41, 37, 35, 34, 33, 29, 28, 22, 20, 19, 18, 16, 10, 8, 7, 6, 5, 4, 3, 2, 1], [79, 78, 74, 66, 64, 59, 54, 53, 52, 51, 49, 45, 44, 42, 40, 39, 37, 35, 30, 29, 28, 27, 26, 25, 24, 23, 22, 20, 19, 18, 17, 16, 15, 14, 13, 9, 8, 7, 6, 4, 3]]","[6, 5, 4, 2, 3, 1]"
41,"(0.25, 72)","[[16, 15, 2, 1], [33, 33, 31, 30, 23, 21, 14, 4, 2, 1], [40, 36, 34, 23, 22, 21, 13, 8, 6, 5, 4], [44, 43, 42, 24, 20, 19, 16, 8, 6, 5, 4, 3], [51, 47, 34, 33, 22, 20, 16, 10, 7, 5, 4, 3, 2], [79, 74, 66, 54, 53, 51, 49, 44, 40, 35, 28, 26, 24, 23, 22, 20, 19, 15, 14, 13, 9, 3]]","[6, 5, 4, 2, 3, 1]"
41,"(0.125, 36)","[[2, 1], [33, 33, 30, 21, 2], [40, 36, 34, 5, 4], [44, 24, 8, 6, 4, 3], [51, 20, 16, 7, 5, 4, 3], [79, 49, 40, 28, 24, 23, 22, 20, 19, 15, 13]]","[6, 5, 4, 2, 3, 1]"
42,"(0.5, 144)","[[12, 9, 8, 6, 5, 4, 3, 2], [37, 35, 33, 32, 31, 28, 24, 23, 22, 17, 16, 14, 8, 7, 6, 4, 3, 2, 1], [38, 37, 36, 34, 33, 31, 29, 23, 22, 20, 19, 17, 10, 8, 5, 4, 3, 2, 1, 0], [43, 42, 40, 39, 35, 34, 32, 24, 23, 21, 20, 18, 17, 13, 10, 9, 8, 7, 6, 5, 3, 1, 0], [60, 56, 52, 49, 48, 46, 45, 44, 41, 36, 35, 33, 32, 31, 30, 26, 25, 20, 19, 18, 12, 11, 9, 8, 7, 5, 4, 3, 2, 1, 0], [83, 76, 75, 72, 70, 69, 66, 63, 57, 56, 55, 54, 52, 46, 45, 41, 39, 38, 37, 36, 33, 32, 31, 29, 27, 26, 25, 24, 22, 21, 20, 19, 17, 16, 14, 10, 9, 7, 6, 5, 4, 3, 2]]","[6, 5, 4, 2, 3, 1]"
42,"(0.25, 72)","[[12, 8, 6, 4], [33, 31, 24, 23, 17, 7, 6, 3, 2, 1], [36, 33, 31, 20, 10, 5, 4, 3, 2, 1], [42, 39, 32, 21, 17, 10, 9, 8, 7, 6, 5, 0], [60, 46, 45, 44, 31, 20, 18, 12, 11, 9, 7, 5, 4, 3, 1], [83, 57, 55, 54, 52, 41, 39, 36, 33, 32, 31, 29, 27, 26, 25, 24, 22, 20, 16, 9, 3]]","[6, 5, 4, 2, 3, 1]"
42,"(0.125, 36)","[[8, 4], [31, 23, 17, 7, 2], [36, 33, 10, 2, 1], [42, 10, 8, 7, 6, 5], [46, 45, 20, 11, 7, 5, 4, 3], [83, 41, 32, 31, 27, 26, 24, 22, 20, 16]]","[6, 5, 4, 2, 3, 1]"
43,"(0.5, 144)","[[12, 7, 6, 3, 2, 1, 0], [33, 32, 30, 29, 28, 27, 24, 17, 15, 14, 11, 9, 8, 6, 4, 3, 2], [36, 33, 32, 31, 30, 29, 26, 24, 22, 18, 17, 15, 8, 7, 6, 5, 4, 3, 1], [47, 44, 43, 41, 40, 37, 36, 27, 26, 25, 22, 21, 18, 15, 10, 9, 8, 7, 6, 5, 4, 2, 1, 0], [55, 54, 45, 42, 41, 40, 38, 30, 29, 28, 27, 26, 23, 20, 19, 18, 17, 12, 11, 10, 9, 7, 6, 5, 4, 3, 2, 1], [95, 94, 88, 86, 85, 84, 78, 76, 75, 74, 73, 62, 61, 60, 59, 58, 56, 50, 46, 45, 43, 42, 40, 39, 36, 35, 34, 33, 32, 31, 29, 28, 27, 26, 24, 23, 22, 21, 19, 18, 17, 15, 11, 8, 7, 5, 4, 3, 0]]","[6, 4, 5, 2, 3, 1]"
43,"(0.25, 72)","[[12, 6, 1, 0], [32, 30, 28, 27, 24, 15, 6, 4, 3], [33, 30, 24, 22, 18, 15, 7, 4, 3, 1], [47, 43, 40, 26, 21, 18, 9, 8, 7, 5, 4, 0], [54, 42, 41, 40, 29, 20, 17, 9, 7, 6, 5, 4, 3, 2], [95, 94, 88, 62, 60, 58, 56, 46, 45, 40, 39, 35, 33, 32, 31, 29, 28, 27, 26, 23, 21, 18, 15]]","[6, 4, 5, 2, 3, 1]"
43,"(0.125, 36)","[[6, 0], [32, 27, 6, 3], [33, 30, 18, 7, 1], [26, 18, 9, 5, 4, 0], [20, 17, 9, 7, 6, 5, 4], [94, 56, 46, 33, 32, 29, 28, 27, 26, 23, 18, 15]]","[6, 4, 5, 2, 3, 1]"
44,"(0.5, 144)","[[16, 13, 12, 11, 9, 8, 7, 6, 3], [30, 29, 28, 26, 24, 21, 19, 15, 14, 10, 8, 6, 5, 4, 3, 2, 0], [35, 34, 33, 32, 30, 27, 24, 21, 20, 18, 16, 14, 11, 8, 6, 5, 4, 3], [52, 49, 48, 47, 46, 45, 44, 41, 38, 26, 25, 23, 22, 21, 20, 18, 17, 14, 13, 8, 7, 6, 5, 4, 3, 1, 0], [55, 52, 48, 46, 44, 43, 40, 37, 35, 32, 31, 30, 29, 24, 19, 18, 16, 13, 12, 11, 10, 9, 7, 6, 5, 4, 3, 2, 1], [84, 83, 81, 76, 75, 74, 73, 67, 65, 61, 57, 50, 49, 48, 47, 46, 44, 39, 38, 37, 35, 34, 32, 31, 29, 26, 25, 24, 23, 21, 20, 19, 18, 17, 16, 15, 14, 12, 11, 9, 8, 5, 3, 2]]","[6, 5, 4, 2, 3, 1]"
44,"(0.25, 72)","[[16, 13, 12, 9, 3], [30, 29, 21, 19, 14, 10, 5, 2, 0], [34, 33, 32, 30, 27, 20, 16, 5, 4], [47, 45, 38, 26, 21, 20, 17, 8, 7, 6, 5, 4, 0], [44, 43, 32, 31, 30, 24, 18, 12, 9, 7, 6, 5, 4, 2, 1], [84, 83, 76, 73, 46, 44, 39, 35, 34, 29, 23, 21, 20, 19, 18, 16, 15, 14, 12, 11, 9]]","[6, 5, 4, 2, 3, 1]"
44,"(0.125, 36)","[[12, 3], [21, 19, 14, 0], [34, 32, 30, 5, 4], [47, 45, 38, 26, 7, 6, 4], [18, 12, 9, 7, 6, 5, 4], [84, 35, 23, 21, 20, 19, 18, 16, 12, 11, 9]]","[6, 5, 4, 2, 3, 1]"
45,"(0.5, 144)","[[13, 12, 11, 9, 6, 5, 4, 3, 1], [35, 34, 32, 31, 29, 27, 25, 22, 21, 20, 18, 12, 7, 6, 5, 4, 3, 2], [36, 35, 34, 33, 32, 31, 30, 28, 24, 22, 20, 17, 16, 13, 12, 10, 5, 3, 2, 1, 0], [46, 44, 43, 42, 41, 37, 28, 27, 24, 23, 22, 19, 12, 11, 10, 9, 8, 7, 6, 5, 3, 2, 1, 0], [55, 53, 52, 47, 46, 40, 39, 37, 36, 35, 34, 31, 30, 24, 23, 21, 15, 14, 13, 11, 10, 9, 7, 6, 5, 4, 2, 1], [85, 84, 83, 78, 77, 73, 72, 70, 69, 68, 62, 56, 55, 54, 53, 51, 46, 45, 42, 41, 39, 37, 33, 32, 31, 30, 28, 27, 26, 25, 23, 22, 21, 20, 18, 17, 16, 15, 14, 9, 7, 5, 4, 3]]","[6, 4, 5, 2, 3, 1]"
45,"(0.25, 72)","[[11, 6, 5, 4], [34, 31, 29, 21, 12, 7, 6, 5, 4], [36, 35, 33, 32, 24, 22, 17, 13, 1, 0], [43, 41, 37, 28, 19, 11, 9, 8, 6, 5, 1, 0], [55, 47, 46, 40, 24, 21, 14, 11, 9, 7, 6, 5, 4, 2], [85, 78, 56, 54, 53, 51, 42, 41, 37, 33, 32, 31, 28, 27, 26, 25, 23, 20, 18, 17, 15, 9, 4]]","[6, 4, 5, 2, 3, 1]"
45,"(0.125, 36)","[[11, 6], [34, 29, 21, 5, 4], [32, 22, 13, 1, 0], [28, 11, 9, 8, 6, 5], [24, 21, 9, 7, 6, 5, 4], [85, 53, 51, 41, 32, 31, 28, 27, 25, 23, 17]]","[6, 4, 5, 2, 3, 1]"
46,"(0.5, 144)","[[14, 12, 10, 9, 6, 3, 2, 0], [37, 35, 33, 32, 31, 30, 29, 28, 24, 23, 22, 19, 18, 14, 8, 7, 6, 4, 3, 1], [39, 38, 37, 35, 34, 33, 31, 28, 24, 21, 20, 18, 17, 11, 10, 5, 4, 3, 2, 1], [46, 44, 43, 42, 41, 40, 36, 33, 22, 20, 18, 17, 16, 14, 12, 9, 7, 6, 5, 4, 3, 2, 1, 0], [56, 55, 51, 50, 39, 38, 37, 35, 33, 32, 31, 30, 29, 28, 27, 23, 18, 17, 15, 11, 10, 8, 7, 6, 5, 4, 3, 2, 1], [86, 84, 79, 76, 75, 71, 70, 69, 68, 67, 63, 56, 55, 54, 53, 52, 50, 44, 43, 42, 39, 38, 34, 33, 28, 27, 26, 25, 23, 21, 20, 17, 16, 15, 13, 12, 11, 9, 5, 4, 3, 2, 0]]","[6, 5, 4, 2, 3, 1]"
46,"(0.25, 72)","[[12, 3, 2, 0], [33, 31, 29, 22, 18, 14, 6, 4, 3, 1], [37, 33, 31, 18, 17, 10, 5, 3, 2, 1], [43, 40, 22, 20, 18, 17, 16, 14, 7, 6, 5, 0], [55, 39, 38, 29, 23, 18, 17, 15, 10, 8, 6, 5, 4, 2], [86, 79, 76, 71, 69, 56, 54, 52, 50, 44, 39, 38, 33, 28, 26, 25, 21, 20, 17, 15, 12, 9]]","[6, 5, 4, 2, 3, 1]"
46,"(0.125, 36)","[[3, 0], [33, 29, 6, 3, 1], [37, 33, 31, 2, 1], [43, 22, 17, 14, 6, 5], [55, 18, 15, 8, 6, 5, 4], [86, 76, 39, 38, 26, 25, 21, 20, 17, 12, 9]]","[6, 5, 4, 2, 3, 1]"
47,"(0.5, 144)","[[15, 14, 13, 12, 5, 3, 1, 0], [38, 35, 34, 33, 32, 31, 30, 29, 28, 24, 23, 18, 17, 15, 8, 7, 6, 4, 2, 1], [41, 40, 39, 38, 37, 32, 28, 26, 23, 22, 20, 19, 19, 16, 12, 9, 6, 5, 4, 3, 1], [44, 43, 42, 41, 40, 38, 37, 35, 34, 32, 31, 23, 22, 21, 20, 19, 18, 6, 5, 4, 3, 2, 1], [54, 50, 49, 47, 44, 43, 40, 34, 28, 27, 26, 20, 18, 17, 16, 16, 12, 11, 10, 9, 8, 7, 5, 4, 3, 2, 1, 0], [85, 84, 82, 79, 77, 76, 70, 69, 67, 66, 62, 59, 58, 51, 50, 43, 39, 38, 36, 35, 34, 33, 30, 29, 28, 27, 26, 24, 23, 22, 21, 20, 19, 18, 17, 16, 15, 13, 7, 5, 4, 3, 2, 1]]","[6, 5, 4, 2, 3, 1]"
47,"(0.25, 72)","[[14, 5, 1, 0], [35, 34, 33, 30, 24, 23, 7, 4, 2, 1], [40, 38, 37, 22, 20, 19, 19, 12, 6, 5, 4], [40, 32, 22, 21, 18, 6, 5, 4, 3, 2, 1], [40, 28, 26, 17, 16, 16, 11, 8, 7, 5, 4, 3, 2, 0], [85, 84, 79, 51, 39, 38, 33, 29, 27, 26, 24, 22, 21, 20, 19, 18, 17, 16, 15, 13, 7, 2]]","[6, 5, 4, 2, 3, 1]"
47,"(0.125, 36)","[[1, 0], [35, 30, 23, 2, 1], [20, 19, 19, 5, 4], [40, 22, 6, 4, 2, 1], [16, 16, 7, 5, 4, 3, 2], [85, 51, 38, 27, 26, 24, 22, 19, 18, 17, 13]]","[6, 5, 4, 2, 3, 1]"
48,"(0.5, 144)","[[13, 8, 7, 4, 2, 1, 0], [36, 35, 33, 32, 31, 28, 27, 25, 22, 20, 18, 17, 15, 13, 10, 9, 8, 6, 4], [32, 31, 30, 29, 26, 23, 21, 19, 17, 16, 15, 13, 8, 7, 6, 5, 4, 2, 1], [48, 45, 44, 43, 41, 40, 37, 34, 33, 23, 21, 19, 18, 16, 15, 12, 9, 8, 7, 6, 5, 4, 2, 1, 0], [61, 60, 56, 55, 51, 47, 46, 44, 43, 40, 36, 34, 32, 31, 30, 25, 24, 23, 21, 19, 17, 11, 10, 8, 7, 6, 5, 4, 3, 2, 1], [84, 83, 78, 77, 76, 75, 69, 54, 52, 51, 50, 49, 47, 46, 45, 43, 40, 39, 38, 36, 34, 33, 32, 31, 30, 28, 27, 25, 24, 23, 22, 21, 19, 18, 17, 15, 12, 11, 8, 7, 5, 4, 3]]","[6, 4, 5, 2, 3, 1]"
48,"(0.25, 72)","[[13, 8, 1, 0], [36, 35, 32, 31, 28, 18, 15, 6, 4], [31, 23, 21, 19, 17, 8, 5, 2, 1], [43, 41, 34, 23, 19, 15, 9, 8, 7, 6, 4, 0], [60, 55, 44, 43, 36, 21, 19, 17, 11, 10, 8, 5, 4, 3, 2, 1], [84, 83, 78, 76, 54, 52, 50, 49, 40, 36, 33, 31, 30, 28, 27, 25, 23, 21, 19, 18, 17, 4]]","[6, 4, 5, 2, 3, 1]"
48,"(0.125, 36)","[[8, 0], [35, 32, 31, 6, 4], [23, 21, 17, 2, 1], [43, 41, 9, 7, 6, 4], [44, 21, 17, 8, 5, 4, 3, 1], [84, 40, 31, 30, 28, 27, 25, 23, 19, 18]]","[6, 4, 5, 2, 3, 1]"
49,"(0.5, 144)","[[17, 14, 11, 9, 8, 6, 5, 1, 0], [34, 33, 31, 30, 29, 28, 27, 26, 24, 21, 14, 10, 8, 6, 5, 3, 1, 1], [36, 35, 34, 32, 31, 28, 27, 24, 21, 19, 11, 10, 9, 8, 6, 4, 3, 2, 0], [51, 49, 48, 47, 46, 45, 42, 39, 38, 28, 27, 25, 23, 22, 20, 18, 16, 10, 9, 8, 7, 6, 5, 3, 1, 0], [52, 46, 43, 40, 39, 38, 37, 36, 31, 30, 28, 27, 23, 22, 18, 17, 16, 10, 9, 8, 7, 5, 4, 3, 2, 1, 0], [87, 86, 80, 78, 72, 71, 70, 69, 58, 57, 56, 55, 53, 48, 47, 46, 43, 38, 37, 33, 32, 31, 30, 29, 28, 27, 26, 25, 23, 22, 21, 20, 19, 18, 17, 15, 11, 10, 9, 8, 7, 5, 4, 3, 0]]","[6, 5, 4, 2, 3, 1]"
49,"(0.25, 72)","[[17, 8, 6, 5, 0], [31, 29, 28, 21, 14, 10, 5, 1, 1], [34, 31, 21, 19, 11, 8, 6, 3, 0], [47, 46, 45, 39, 28, 20, 10, 9, 8, 7, 6, 5, 0], [52, 40, 39, 38, 28, 23, 18, 10, 7, 5, 4, 3, 2, 1], [87, 86, 80, 78, 56, 55, 53, 48, 43, 37, 32, 31, 29, 28, 27, 26, 25, 23, 21, 18, 17, 15]]","[6, 5, 4, 2, 3, 1]"
49,"(0.125, 36)","[[5, 0], [28, 21, 5, 1, 1], [34, 21, 19, 6, 3], [47, 28, 10, 9, 8, 7, 5], [52, 18, 10, 7, 5, 4, 3], [55, 53, 43, 31, 28, 26, 25, 23, 21, 18]]","[6, 5, 4, 2, 3, 1]"
